time,RASIS,,,LASIS,,,RPSIS,,,LPSIS,,,RGT,,,LGT,,,RAsho,,,RPsho,,
0,X,Y,Z,X,Y,Z,X,Y,Z,X,Y,Z,X,Y,Z,X,Y,Z,X,Y,Z,X,Y,Z
0.00197758,28.1886,32.6892,95.7831,28.8729,59.3958,94.6721,11.2489,41.5302,97.5501,11.4323,50.9425,97.1989,22.1686,27.9514,85.9061,21.7695,64.1875,85.6033,25.2582,32.1972,140.423,11.0696,31.1483,141.299
0.00395516,28.1891,32.69,95.7837,28.8701,59.3961,94.6725,11.2493,41.5303,97.5476,11.4308,50.9396,97.1996,22.1675,27.9514,85.9063,21.7676,64.1879,85.6017,25.2554,32.2005,140.426,11.0693,31.1459,141.299
0.00593274,28.1896,32.6909,95.7844,28.8674,59.3964,94.6728,11.2496,41.5304,97.5451,11.4294,50.9367,97.2002,22.1664,27.9513,85.9066,21.7657,64.1883,85.6002,25.2526,32.2039,140.429,11.0689,31.1435,141.299
0.00791032,28.1899,32.6908,95.7842,28.8683,59.3978,94.6742,11.2453,41.5327,97.5479,11.4284,50.9392,97.2003,22.1662,27.9524,85.9068,21.7659,64.1881,85.6005,25.2517,32.2025,140.431,11.0677,31.1437,141.297
0.00988791,28.1903,32.6907,95.784,28.8693,59.3994,94.6756,11.2408,41.5351,97.5509,11.4275,50.942,97.2004,22.166,27.9536,85.907,21.7663,64.1879,85.6008,25.2508,32.201,140.433,11.0663,31.1441,141.295
0.0118655,28.1894,32.6913,95.784,28.8676,59.3982,94.6765,11.2392,41.5346,97.551,11.4264,50.942,97.1982,22.1653,27.9545,85.9049,21.7655,64.1879,85.6009,25.2507,32.2018,140.436,11.0673,31.1452,141.296
0.0138431,28.1885,32.6919,95.7839,28.8657,59.3968,94.6773,11.2378,41.5339,97.5509,11.4254,50.9418,97.1958,22.1646,27.9555,85.9027,21.7647,64.1879,85.6011,25.2507,32.2028,140.44,11.0684,31.1464,141.296
0.0158206,28.1868,32.6917,95.7846,28.868,59.3959,94.6765,11.2396,41.5359,97.5511,11.425,50.9415,97.1968,22.1637,27.9549,85.9049,21.7643,64.1864,85.6005,25.2526,32.2034,140.437,11.0649,31.1453,141.297
0.0177982,28.1851,32.6914,95.7855,28.8708,59.3951,94.6755,11.2418,41.5382,97.5513,11.4246,50.9412,97.1981,22.1627,27.9542,85.9077,21.764,64.1848,85.5999,25.2548,32.204,140.434,11.0608,31.1439,141.298
0.0197758,28.1851,32.6916,95.7842,28.87,59.3952,94.6756,11.2409,41.5384,97.5503,11.4257,50.9409,97.1973,22.1654,27.9553,85.9053,21.7629,64.1858,85.601,25.2533,32.2001,140.429,11.0601,31.1425,141.297
0.0217534,28.1853,32.692,95.7826,28.8685,59.3956,94.6759,11.2395,41.5381,97.5491,11.427,50.9406,97.196,22.1688,27.9568,85.902,21.7618,64.1873,85.6025,25.2511,32.1953,140.425,11.0599,31.1412,141.296
0.023731,28.186,32.6927,95.7828,28.8653,59.3965,94.6759,11.2398,41.5357,97.5513,11.425,50.9417,97.1952,22.1653,27.9557,85.9023,21.7642,64.1864,85.6031,25.2484,32.1976,140.428,11.058,31.1394,141.297
0.0257086,28.1868,32.6936,95.7835,28.8616,59.3977,94.6758,11.2405,41.5328,97.5543,11.4223,50.9431,97.1944,22.1602,27.9539,85.9034,21.7674,64.1849,85.6035,25.2456,32.2015,140.434,11.0555,31.1375,141.299
0.0276861,28.1843,32.6943,95.783,28.8619,59.3966,94.6766,11.2392,41.5345,97.5546,11.4227,50.9438,97.1962,22.159,27.9532,85.9034,21.7681,64.1874,85.6046,25.2462,32.2027,140.437,11.0559,31.1397,141.297
0.0296637,28.1807,32.6949,95.7823,28.8634,59.3948,94.6778,11.2373,41.5376,97.5541,11.4242,50.9444,97.1987,22.159,27.9528,85.9031,21.7681,64.1911,85.6059,25.2479,32.2029,140.439,11.057,31.1431,141.296
0.0316413,28.1801,32.6935,95.7834,28.8636,59.3943,94.6771,11.2382,41.5401,97.5517,11.4232,50.9451,97.1998,22.1605,27.9544,85.9034,21.7669,64.1888,85.6065,25.2467,32.2042,140.441,11.0571,31.1413,141.296
0.0336189,28.1806,32.6913,95.7852,28.8633,59.3943,94.6756,11.24,41.5424,97.5485,11.4213,50.946,97.2005,22.1624,27.9567,85.904,21.7652,64.1843,85.6069,25.2444,32.2059,140.444,11.0567,31.1376,141.297
0.0355965,28.1792,32.6897,95.7855,28.8637,59.395,94.6759,11.2395,41.5432,97.5477,11.4218,50.945,97.1994,22.1618,27.9568,85.9031,21.7659,64.1841,85.6063,25.2418,32.2066,140.442,11.0543,31.1388,141.297
0.037574,28.1769,32.6883,95.7852,28.8643,59.3961,94.677,11.2381,41.5432,97.5479,11.4234,50.9431,97.1976,22.16,27.9559,85.9014,21.7677,64.1859,85.6053,25.239,32.2069,140.439,11.0511,31.1421,141.296
0.0395516,28.1766,32.6891,95.7846,28.8639,59.3969,94.6763,11.2355,41.5422,97.549,11.4227,50.9444,97.1979,22.1575,27.9556,85.9009,21.7677,64.1864,85.6044,25.2385,32.2042,140.439,11.05,31.142,141.297
0.0415292,28.1773,32.6911,95.7839,28.8629,59.3975,94.6748,11.2323,41.5405,97.5506,11.4209,50.9474,97.1994,22.1546,27.9557,85.9009,21.7667,64.1862,85.6036,25.2393,32.2,140.44,11.0501,31.1402,141.297
0.0435068,28.1761,32.6915,95.7825,28.8632,59.3963,94.6755,11.2319,41.5405,97.5509,11.42,50.9478,97.1985,22.1549,27.9559,85.9005,21.7655,64.186,85.6043,25.2414,32.1978,140.44,11.0493,31.1383,141.296
0.0454844,28.1737,32.691,95.7806,28.8643,59.394,94.6774,11.2334,41.5416,97.5503,11.4197,50.9467,97.1961,22.157,27.9562,85.8998,21.7641,64.1857,85.6061,25.2443,32.1968,140.438,11.0479,31.1364,141.294
0.0474619,28.1734,32.6902,95.78,28.8643,59.3938,94.677,11.2338,41.5423,97.5494,11.4195,50.947,97.1966,22.158,27.9564,85.9014,21.7645,64.1855,85.6054,25.2447,32.1977,140.437,11.0466,31.1368,141.294
0.0494395,28.1747,32.6891,95.7804,28.8635,59.3951,94.6749,11.2334,41.5427,97.5483,11.4194,50.9484,97.1995,22.1582,27.9565,85.9046,21.7663,64.1854,85.6027,25.2432,32.2,140.437,11.0453,31.1387,141.294
0.0514171,28.1747,32.6894,95.7796,28.8629,59.3955,94.6746,11.2323,41.5427,97.5476,11.4184,50.9475,97.2016,22.1572,27.9553,85.9049,21.7654,64.185,85.6025,25.2382,32.1983,140.432,11.0439,31.1391,141.294
0.0533947,28.1736,32.691,95.7777,28.8623,59.3951,94.6757,11.2308,41.5423,97.5474,11.4166,50.9448,97.203,22.1551,27.9529,85.9028,21.7622,64.1846,85.6045,25.2302,32.1933,140.424,11.0425,31.1383,141.294
0.0553723,28.1731,32.6923,95.7774,28.8612,59.3949,94.6756,11.2309,41.541,97.5481,11.4151,50.944,97.2022,22.1535,27.9534,85.9008,21.7615,64.1857,85.605,25.2269,32.1927,140.422,11.0415,31.1364,141.293
0.0573499,28.1731,32.6932,95.7787,28.8594,59.3949,94.6741,11.2328,41.5388,97.5496,11.4137,50.945,97.1992,22.1522,27.9569,85.8989,21.7631,64.1886,85.6038,25.2283,32.1966,140.428,11.0409,31.1335,141.293
0.0593274,28.1728,32.6932,95.7796,28.8595,59.3946,94.6743,11.2324,41.5365,97.5506,11.4124,50.9449,97.1978,22.1502,27.9583,85.8988,21.7635,64.1895,85.6028,25.2305,32.1982,140.43,11.0397,31.1323,141.294
0.061305,28.1722,32.6922,95.7802,28.8618,59.394,94.6764,11.2294,41.5341,97.5511,11.4112,50.9435,97.1984,22.1472,27.9571,85.9009,21.7622,64.1882,85.6017,25.2338,32.1972,140.427,11.0377,31.1332,141.296
0.0632826,28.1714,32.6914,95.78,28.8631,59.3933,94.6768,11.2279,41.5341,97.5517,11.4112,50.9421,97.199,22.1469,27.9554,85.9025,21.7611,64.1877,85.6004,25.2338,32.1948,140.424,11.0362,31.1334,141.296
0.0652602,28.1704,32.691,95.7789,28.8628,59.3924,94.6751,11.2282,41.5376,97.5525,11.4128,50.9407,97.1996,22.1502,27.9531,85.9033,21.7603,64.1883,85.5988,25.2295,32.1906,140.423,11.0353,31.1326,141.294
0.0672378,28.1694,32.6905,95.7778,28.862,59.3923,94.6733,11.2281,41.5396,97.5526,11.4131,50.9413,97.2001,22.1516,27.9536,85.9039,21.76,64.1876,85.5977,25.227,32.1894,140.425,11.0349,31.1331,141.294
0.0692153,28.1683,32.6898,95.7767,28.8603,59.3935,94.6717,11.2274,41.5391,97.5516,11.4112,50.9449,97.2001,22.1497,27.9585,85.9045,21.7606,64.185,85.5976,25.2272,32.193,140.432,11.035,31.1356,141.294
0.0711929,28.1678,32.69,95.7761,28.859,59.3936,94.6718,11.2265,41.5388,97.5511,11.4102,50.947,97.1996,22.1483,27.961,85.9051,21.7605,64.184,85.5986,25.2289,32.1951,140.436,11.0347,31.1366,141.294
0.0731705,28.1684,32.6918,95.7765,28.8587,59.3916,94.6751,11.2252,41.5392,97.5514,11.4108,50.9466,97.1982,22.1477,27.959,85.9057,21.7594,64.1862,85.6016,25.2334,32.1945,140.436,11.0335,31.1349,141.294
0.0751481,28.1685,32.6927,95.7774,28.8581,59.3905,94.676,11.2238,41.5394,97.5514,11.411,50.9463,97.1972,22.1474,27.9575,85.905,21.7588,64.1876,85.6037,25.2338,32.1935,140.433,11.0322,31.1326,141.293
0.0771257,28.1674,32.6917,95.7792,28.8571,59.3916,94.6716,11.2223,41.5394,97.5506,11.4099,50.9463,97.1971,22.148,27.9572,85.9013,21.7595,64.1871,85.6033,25.2249,32.1919,140.426,11.0308,31.129,141.292
0.0791032,28.1664,32.691,95.78,28.8565,59.3924,94.6688,11.2214,41.539,97.5502,11.4093,50.9463,97.197,22.1473,27.957,85.8992,21.7593,64.1865,85.6032,25.2185,32.1911,140.421,11.0293,31.1269,141.291
0.0810808,28.1658,32.691,95.7777,28.8568,59.3922,94.6702,11.2224,41.5376,97.551,11.4099,50.9463,97.1966,22.1433,27.9571,85.9013,21.757,64.1853,85.6038,25.2187,32.1926,140.419,11.0278,31.1288,141.291
0.0830584,28.1651,32.6911,95.7762,28.8569,59.3921,94.6718,11.2226,41.5368,97.5514,11.4098,50.9465,97.1966,22.1407,27.9574,85.9023,21.7547,64.1848,85.6044,25.2187,32.193,140.418,11.0268,31.1303,141.291
0.085036,28.1644,32.6917,95.777,28.8561,59.3924,94.6738,11.2205,41.5378,97.5503,11.4071,50.9475,97.1977,22.1429,27.9583,85.8999,21.7524,64.1862,85.6045,25.2179,32.1903,140.421,11.0276,31.1307,141.29
0.0870136,28.1636,32.6919,95.7776,28.8557,59.3927,94.6753,11.2193,41.5388,97.5489,11.4054,50.9481,97.1986,22.1442,27.9588,85.8983,21.7505,64.1874,85.6045,25.2174,32.1879,140.422,11.0279,31.1314,141.29
0.0889912,28.1626,32.6905,95.7771,28.8572,59.3923,94.675,11.2216,41.5403,97.5463,11.408,50.9477,97.1987,22.1419,27.9577,85.9002,21.7506,64.1873,85.6036,25.2184,32.1871,140.418,11.0257,31.1331,141.292
0.0909687,28.1616,32.6895,95.7768,28.858,59.3921,94.6746,11.2233,41.5416,97.5444,11.4095,50.9471,97.1986,22.1403,27.9567,85.9015,21.7506,64.1872,85.6029,25.2186,32.1866,140.414,11.0238,31.1348,141.294
0.0929463,28.161,32.6903,95.7776,28.8544,59.3926,94.6736,11.2211,41.5421,97.5461,11.406,50.9459,97.1975,22.1422,27.9569,85.9001,21.7503,64.1871,85.6032,25.2144,32.1878,140.416,11.0239,31.1361,141.293
0.0949239,28.1604,32.6911,95.7782,28.8511,59.3932,94.6734,11.2194,41.5427,97.5475,11.403,50.945,97.1963,22.1442,27.9571,85.8987,21.7501,64.1871,85.6034,25.2103,32.1892,140.417,11.0237,31.1373,141.292
0.0969015,28.161,32.6917,95.7772,28.8493,59.3947,94.6794,11.2207,41.5439,97.5465,11.4039,50.9454,97.1935,22.1466,27.9583,85.8983,21.7504,64.1886,85.6026,25.2062,32.1915,140.417,11.0227,31.1371,141.291
0.0988791,28.1615,32.6923,95.7764,28.8477,59.3961,94.6847,11.2217,41.5447,97.5458,11.4049,50.946,97.1913,22.1488,27.9595,85.898,21.7506,64.1899,85.602,25.2024,32.1936,140.417,11.0215,31.1369,141.29
0.100857,28.1618,32.693,95.7768,28.848,59.3963,94.6818,11.2187,41.5424,97.549,11.4063,50.9482,97.1951,22.1465,27.9599,85.8989,21.7498,64.1892,85.6039,25.2029,32.1923,140.42,11.02,31.1362,141.291
0.102834,28.1619,32.6937,95.7773,28.8484,59.3964,94.6789,11.2158,41.5401,97.552,11.4076,50.9503,97.1988,22.1442,27.9603,85.8997,21.749,64.1886,85.6057,25.2032,32.1912,140.422,11.0184,31.1355,141.291
0.104812,28.1615,32.6922,95.7775,28.8479,59.398,94.6786,11.2156,41.5404,97.5527,11.4068,50.9482,97.1964,22.1432,27.9594,85.8985,21.7491,64.1893,85.6046,25.2001,32.1943,140.43,11.0166,31.1361,141.289
0.106789,28.161,32.6907,95.7776,28.8474,59.3995,94.6783,11.2155,41.5407,97.5534,11.406,50.9461,97.1941,22.1421,27.9585,85.8972,21.7492,64.19,85.6034,25.1969,32.1975,140.438,11.0148,31.1367,141.287
0.108767,,,,,,,,,,,,,,,,,,,,,,,,
0.110745,,,,,,,,,,,,,,,,,,,,,,,,
0.112722,,,,,,,,,,,,,,,,,,,,,,,,
0.1147,,,,,,,,,,,,,,,,,,,,,,,,
0.116677,,,,,,,,,,,,,,,,,,,,,,,,
0.118655,,,,,,,,,,,,,,,,,,,,,,,,
0.120632,,,,,,,,,,,,,,,,,,,,,,,,
0.12261,,,,,,,,,,,,,,,,,,,,,,,,
0.124588,,,,,,,,,,,,,,,,,,,,,,,,
0.126565,,,,,,,,,,,,,,,,,,,,,,,,
0.128543,,,,,,,,,,,,,,,,,,,,,,,,
0.13052,,,,,,,,,,,,,,,,,,,,,,,,
0.132498,,,,,,,,,,,,,,,,,,,,,,,,
0.134476,,,,,,,,,,,,,,,,,,,,,,,,
0.136453,,,,,,,,,,,,,,,,,,,,,,,,
0.138431,,,,,,,,,,,,,,,,,,,,,,,,
0.140408,,,,,,,,,,,,,,,,,,,,,,,,
0.142386,,,,,,,,,,,,,,,,,,,,,,,,
0.144363,,,,,,,,,,,,,,,,,,,,,,,,
0.146341,,,,,,,,,,,,,,,,,,,,,,,,
0.148319,,,,,,,,,,,,,,,,,,,,,,,,
0.150296,,,,,,,,,,,,,,,,,,,,,,,,
0.152274,,,,,,,,,,,,,,,,,,,,,,,,
0.154251,,,,,,,,,,,,,,,,,,,,,,,,
0.156229,,,,,,,,,,,,,,,,,,,,,,,,
0.158206,,,,,,,,,,,,,,,,,,,,,,,,
0.160184,,,,,,,,,,,,,,,,,,,,,,,,
0.162162,,,,,,,,,,,,,,,,,,,,,,,,
0.164139,,,,,,,,,,,,,,,,,,,,,,,,
0.166117,,,,,,,,,,,,,,,,,,,,,,,,
0.168094,,,,,,,,,,,,,,,,,,,,,,,,
0.170072,,,,,,,,,,,,,,,,,,,,,,,,
0.17205,,,,,,,,,,,,,,,,,,,,,,,,
0.174027,,,,,,,,,,,,,,,,,,,,,,,,
0.176005,,,,,,,,,,,,,,,,,,,,,,,,
0.177982,,,,,,,,,,,,,,,,,,,,,,,,
0.17996,,,,,,,,,,,,,,,,,,,,,,,,
0.181937,,,,,,,,,,,,,,,,,,,,,,,,
0.183915,,,,,,,,,,,,,,,,,,,,,,,,
0.185893,,,,,,,,,,,,,,,,,,,,,,,,
0.18787,,,,,,,,,,,,,,,,,,,,,,,,
0.189848,,,,,,,,,,,,,,,,,,,,,,,,
0.191825,,,,,,,,,,,,,,,,,,,,,,,,
0.193803,,,,,,,,,,,,,,,,,,,,,,,,
0.195781,,,,,,,,,,,,,,,,,,,,,,,,
0.197758,,,,,,,,,,,,,,,,,,,,,,,,
0.199736,,,,,,,,,,,,,,,,,,,,,,,,
0.201713,,,,,,,,,,,,,,,,,,,,,,,,
0.203691,,,,,,,,,,,,,,,,,,,,,,,,
0.205668,,,,,,,,,,,,,,,,,,,,,,,,
0.207646,,,,,,,,,,,,,,,,,,,,,,,,
0.209624,,,,,,,,,,,,,,,,,,,,,,,,
0.211601,,,,,,,,,,,,,,,,,,,,,,,,
0.213579,,,,,,,,,,,,,,,,,,,,,,,,
0.215556,,,,,,,,,,,,,,,,,,,,,,,,
0.217534,,,,,,,,,,,,,,,,,,,,,,,,
0.219512,,,,,,,,,,,,,,,,,,,,,,,,
0.221489,,,,,,,,,,,,,,,,,,,,,,,,
0.223467,,,,,,,,,,,,,,,,,,,,,,,,
0.225444,,,,,,,,,,,,,,,,,,,,,,,,
0.227422,,,,,,,,,,,,,,,,,,,,,,,,
0.229399,,,,,,,,,,,,,,,,,,,,,,,,
0.231377,,,,,,,,,,,,,,,,,,,,,,,,
0.233355,,,,,,,,,,,,,,,,,,,,,,,,
0.235332,,,,,,,,,,,,,,,,,,,,,,,,
0.23731,,,,,,,,,,,,,,,,,,,,,,,,
0.239287,,,,,,,,,,,,,,,,,,,,,,,,
0.241265,,,,,,,,,,,,,,,,,,,,,,,,
0.243242,,,,,,,,,,,,,,,,,,,,,,,,
0.24522,,,,,,,,,,,,,,,,,,,,,,,,
0.247198,,,,,,,,,,,,,,,,,,,,,,,,
0.249175,,,,,,,,,,,,,,,,,,,,,,,,
0.251153,,,,,,,,,,,,,,,,,,,,,,,,
0.25313,,,,,,,,,,,,,,,,,,,,,,,,
0.255108,,,,,,,,,,,,,,,,,,,,,,,,
0.257086,,,,,,,,,,,,,,,,,,,,,,,,
0.259063,,,,,,,,,,,,,,,,,,,,,,,,
0.261041,,,,,,,,,,,,,,,,,,,,,,,,
0.263018,,,,,,,,,,,,,,,,,,,,,,,,
0.264996,,,,,,,,,,,,,,,,,,,,,,,,
0.266973,,,,,,,,,,,,,,,,,,,,,,,,
0.268951,,,,,,,,,,,,,,,,,,,,,,,,
0.270929,,,,,,,,,,,,,,,,,,,,,,,,
0.272906,,,,,,,,,,,,,,,,,,,,,,,,
0.274884,,,,,,,,,,,,,,,,,,,,,,,,
0.276861,,,,,,,,,,,,,,,,,,,,,,,,
0.278839,,,,,,,,,,,,,,,,,,,,,,,,
0.280817,,,,,,,,,,,,,,,,,,,,,,,,
0.282794,,,,,,,,,,,,,,,,,,,,,,,,
0.284772,,,,,,,,,,,,,,,,,,,,,,,,
0.286749,,,,,,,,,,,,,,,,,,,,,,,,
0.288727,,,,,,,,,,,,,,,,,,,,,,,,
0.290704,,,,,,,,,,,,,,,,,,,,,,,,
0.292682,,,,,,,,,,,,,,,,,,,,,,,,
0.29466,,,,,,,,,,,,,,,,,,,,,,,,
0.296637,,,,,,,,,,,,,,,,,,,,,,,,
0.298615,,,,,,,,,,,,,,,,,,,,,,,,
0.300592,,,,,,,,,,,,,,,,,,,,,,,,
0.30257,,,,,,,,,,,,,,,,,,,,,,,,
0.304547,,,,,,,,,,,,,,,,,,,,,,,,
0.306525,,,,,,,,,,,,,,,,,,,,,,,,
0.308503,,,,,,,,,,,,,,,,,,,,,,,,
0.31048,,,,,,,,,,,,,,,,,,,,,,,,
0.312458,,,,,,,,,,,,,,,,,,,,,,,,
0.314435,,,,,,,,,,,,,,,,,,,,,,,,
0.316413,,,,,,,,,,,,,,,,,,,,,,,,
0.318391,,,,,,,,,,,,,,,,,,,,,,,,
0.320368,,,,,,,,,,,,,,,,,,,,,,,,
0.322346,,,,,,,,,,,,,,,,,,,,,,,,
0.324323,,,,,,,,,,,,,,,,,,,,,,,,
0.326301,,,,,,,,,,,,,,,,,,,,,,,,
0.328278,,,,,,,,,,,,,,,,,,,,,,,,
0.330256,,,,,,,,,,,,,,,,,,,,,,,,
0.332234,,,,,,,,,,,,,,,,,,,,,,,,
0.334211,,,,,,,,,,,,,,,,,,,,,,,,
0.336189,,,,,,,,,,,,,,,,,,,,,,,,
0.338166,,,,,,,,,,,,,,,,,,,,,,,,
0.340144,,,,,,,,,,,,,,,,,,,,,,,,
0.342122,,,,,,,,,,,,,,,,,,,,,,,,
0.344099,,,,,,,,,,,,,,,,,,,,,,,,
0.346077,,,,,,,,,,,,,,,,,,,,,,,,
0.348054,,,,,,,,,,,,,,,,,,,,,,,,
0.350032,,,,,,,,,,,,,,,,,,,,,,,,
0.352009,,,,,,,,,,,,,,,,,,,,,,,,
0.353987,,,,,,,,,,,,,,,,,,,,,,,,
0.355965,,,,,,,,,,,,,,,,,,,,,,,,
0.357942,,,,,,,,,,,,,,,,,,,,,,,,
0.35992,,,,,,,,,,,,,,,,,,,,,,,,
0.361897,,,,,,,,,,,,,,,,,,,,,,,,
0.363875,,,,,,,,,,,,,,,,,,,,,,,,
0.365853,,,,,,,,,,,,,,,,,,,,,,,,
0.36783,,,,,,,,,,,,,,,,,,,,,,,,
0.369808,,,,,,,,,,,,,,,,,,,,,,,,
0.371785,,,,,,,,,,,,,,,,,,,,,,,,
0.373763,,,,,,,,,,,,,,,,,,,,,,,,
0.37574,,,,,,,,,,,,,,,,,,,,,,,,
0.377718,,,,,,,,,,,,,,,,,,,,,,,,
0.379696,,,,,,,,,,,,,,,,,,,,,,,,
0.381673,,,,,,,,,,,,,,,,,,,,,,,,
0.383651,,,,,,,,,,,,,,,,,,,,,,,,
0.385628,,,,,,,,,,,,,,,,,,,,,,,,
0.387606,,,,,,,,,,,,,,,,,,,,,,,,
0.389583,,,,,,,,,,,,,,,,,,,,,,,,
0.391561,,,,,,,,,,,,,,,,,,,,,,,,
0.393539,,,,,,,,,,,,,,,,,,,,,,,,
0.395516,,,,,,,,,,,,,,,,,,,,,,,,
0.397494,,,,,,,,,,,,,,,,,,,,,,,,
0.399471,,,,,,,,,,,,,,,,,,,,,,,,
0.401449,,,,,,,,,,,,,,,,,,,,,,,,
0.403427,,,,,,,,,,,,,,,,,,,,,,,,
0.405404,,,,,,,,,,,,,,,,,,,,,,,,
0.407382,,,,,,,,,,,,,,,,,,,,,,,,
0.409359,,,,,,,,,,,,,,,,,,,,,,,,
0.411337,,,,,,,,,,,,,,,,,,,,,,,,
0.413314,,,,,,,,,,,,,,,,,,,,,,,,
0.415292,,,,,,,,,,,,,,,,,,,,,,,,
0.41727,,,,,,,,,,,,,,,,,,,,,,,,
0.419247,,,,,,,,,,,,,,,,,,,,,,,,
0.421225,,,,,,,,,,,,,,,,,,,,,,,,
0.423202,,,,,,,,,,,,,,,,,,,,,,,,
0.42518,,,,,,,,,,,,,,,,,,,,,,,,
0.427158,,,,,,,,,,,,,,,,,,,,,,,,
0.429135,,,,,,,,,,,,,,,,,,,,,,,,
0.431113,,,,,,,,,,,,,,,,,,,,,,,,
0.43309,,,,,,,,,,,,,,,,,,,,,,,,
0.435068,,,,,,,,,,,,,,,,,,,,,,,,
0.437045,,,,,,,,,,,,,,,,,,,,,,,,
0.439023,,,,,,,,,,,,,,,,,,,,,,,,
0.441001,,,,,,,,,,,,,,,,,,,,,,,,
0.442978,,,,,,,,,,,,,,,,,,,,,,,,
0.444956,,,,,,,,,,,,,,,,,,,,,,,,
0.446933,,,,,,,,,,,,,,,,,,,,,,,,
0.448911,,,,,,,,,,,,,,,,,,,,,,,,
0.450888,,,,,,,,,,,,,,,,,,,,,,,,
0.452866,,,,,,,,,,,,,,,,,,,,,,,,
0.454844,,,,,,,,,,,,,,,,,,,,,,,,
0.456821,,,,,,,,,,,,,,,,,,,,,,,,
0.458799,,,,,,,,,,,,,,,,,,,,,,,,
0.460776,,,,,,,,,,,,,,,,,,,,,,,,
0.462754,,,,,,,,,,,,,,,,,,,,,,,,
0.464732,,,,,,,,,,,,,,,,,,,,,,,,
0.466709,,,,,,,,,,,,,,,,,,,,,,,,
0.468687,,,,,,,,,,,,,,,,,,,,,,,,
0.470664,,,,,,,,,,,,,,,,,,,,,,,,
0.472642,,,,,,,,,,,,,,,,,,,,,,,,
0.474619,,,,,,,,,,,,,,,,,,,,,,,,
0.476597,,,,,,,,,,,,,,,,,,,,,,,,
0.478575,,,,,,,,,,,,,,,,,,,,,,,,
0.480552,,,,,,,,,,,,,,,,,,,,,,,,
0.48253,,,,,,,,,,,,,,,,,,,,,,,,
0.484507,,,,,,,,,,,,,,,,,,,,,,,,
0.486485,,,,,,,,,,,,,,,,,,,,,,,,
0.488463,,,,,,,,,,,,,,,,,,,,,,,,
0.49044,,,,,,,,,,,,,,,,,,,,,,,,
0.492418,,,,,,,,,,,,,,,,,,,,,,,,
0.494395,,,,,,,,,,,,,,,,,,,,,,,,
0.496373,,,,,,,,,,,,,,,,,,,,,,,,
0.49835,,,,,,,,,,,,,,,,,,,,,,,,
0.500328,,,,,,,,,,,,,,,,,,,,,,,,
0.502306,,,,,,,,,,,,,,,,,,,,,,,,
0.504283,,,,,,,,,,,,,,,,,,,,,,,,
0.506261,,,,,,,,,,,,,,,,,,,,,,,,
0.508238,,,,,,,,,,,,,,,,,,,,,,,,
0.510216,,,,,,,,,,,,,,,,,,,,,,,,
0.512194,,,,,,,,,,,,,,,,,,,,,,,,
0.514171,,,,,,,,,,,,,,,,,,,,,,,,
0.516149,,,,,,,,,,,,,,,,,,,,,,,,
0.518126,,,,,,,,,,,,,,,,,,,,,,,,
0.520104,,,,,,,,,,,,,,,,,,,,,,,,
0.522081,,,,,,,,,,,,,,,,,,,,,,,,
0.524059,,,,,,,,,,,,,,,,,,,,,,,,
0.526037,,,,,,,,,,,,,,,,,,,,,,,,
0.528014,,,,,,,,,,,,,,,,,,,,,,,,
0.529992,,,,,,,,,,,,,,,,,,,,,,,,
0.531969,,,,,,,,,,,,,,,,,,,,,,,,
0.533947,,,,,,,,,,,,,,,,,,,,,,,,
0.535924,,,,,,,,,,,,,,,,,,,,,,,,
0.537902,,,,,,,,,,,,,,,,,,,,,,,,
0.53988,,,,,,,,,,,,,,,,,,,,,,,,
0.541857,,,,,,,,,,,,,,,,,,,,,,,,
0.543835,,,,,,,,,,,,,,,,,,,,,,,,
0.545812,,,,,,,,,,,,,,,,,,,,,,,,
0.54779,,,,,,,,,,,,,,,,,,,,,,,,
0.549768,,,,,,,,,,,,,,,,,,,,,,,,
0.551745,,,,,,,,,,,,,,,,,,,,,,,,
0.553723,,,,,,,,,,,,,,,,,,,,,,,,
0.5557,,,,,,,,,,,,,,,,,,,,,,,,
0.557678,,,,,,,,,,,,,,,,,,,,,,,,
0.559655,,,,,,,,,,,,,,,,,,,,,,,,
0.561633,,,,,,,,,,,,,,,,,,,,,,,,
0.563611,,,,,,,,,,,,,,,,,,,,,,,,
0.565588,,,,,,,,,,,,,,,,,,,,,,,,
0.567566,,,,,,,,,,,,,,,,,,,,,,,,
0.569543,,,,,,,,,,,,,,,,,,,,,,,,
0.571521,,,,,,,,,,,,,,,,,,,,,,,,
0.573499,,,,,,,,,,,,,,,,,,,,,,,,
0.575476,,,,,,,,,,,,,,,,,,,,,,,,
0.577454,,,,,,,,,,,,,,,,,,,,,,,,
0.579431,,,,,,,,,,,,,,,,,,,,,,,,
0.581409,,,,,,,,,,,,,,,,,,,,,,,,
0.583386,,,,,,,,,,,,,,,,,,,,,,,,
0.585364,,,,,,,,,,,,,,,,,,,,,,,,
0.587342,,,,,,,,,,,,,,,,,,,,,,,,
0.589319,,,,,,,,,,,,,,,,,,,,,,,,
0.591297,,,,,,,,,,,,,,,,,,,,,,,,
0.593274,,,,,,,,,,,,,,,,,,,,,,,,
0.595252,,,,,,,,,,,,,,,,,,,,,,,,
0.597229,,,,,,,,,,,,,,,,,,,,,,,,
0.599207,,,,,,,,,,,,,,,,,,,,,,,,
0.601185,,,,,,,,,,,,,,,,,,,,,,,,
0.603162,,,,,,,,,,,,,,,,,,,,,,,,
0.60514,,,,,,,,,,,,,,,,,,,,,,,,
0.607117,,,,,,,,,,,,,,,,,,,,,,,,
0.609095,,,,,,,,,,,,,,,,,,,,,,,,
0.611073,,,,,,,,,,,,,,,,,,,,,,,,
0.61305,,,,,,,,,,,,,,,,,,,,,,,,
0.615028,,,,,,,,,,,,,,,,,,,,,,,,
0.617005,,,,,,,,,,,,,,,,,,,,,,,,
0.618983,,,,,,,,,,,,,,,,,,,,,,,,
0.62096,,,,,,,,,,,,,,,,,,,,,,,,
0.622938,,,,,,,,,,,,,,,,,,,,,,,,
0.624916,,,,,,,,,,,,,,,,,,,,,,,,
0.626893,,,,,,,,,,,,,,,,,,,,,,,,
0.628871,,,,,,,,,,,,,,,,,,,,,,,,
0.630848,,,,,,,,,,,,,,,,,,,,,,,,
0.632826,,,,,,,,,,,,,,,,,,,,,,,,
0.634804,,,,,,,,,,,,,,,,,,,,,,,,
0.636781,,,,,,,,,,,,,,,,,,,,,,,,
0.638759,,,,,,,,,,,,,,,,,,,,,,,,
0.640736,,,,,,,,,,,,,,,,,,,,,,,,
0.642714,,,,,,,,,,,,,,,,,,,,,,,,
0.644691,,,,,,,,,,,,,,,,,,,,,,,,
0.646669,,,,,,,,,,,,,,,,,,,,,,,,
0.648647,,,,,,,,,,,,,,,,,,,,,,,,
0.650624,,,,,,,,,,,,,,,,,,,,,,,,
0.652602,,,,,,,,,,,,,,,,,,,,,,,,
0.654579,,,,,,,,,,,,,,,,,,,,,,,,
0.656557,,,,,,,,,,,,,,,,,,,,,,,,
0.658535,,,,,,,,,,,,,,,,,,,,,,,,
0.660512,,,,,,,,,,,,,,,,,,,,,,,,
0.66249,,,,,,,,,,,,,,,,,,,,,,,,
0.664467,,,,,,,,,,,,,,,,,,,,,,,,
0.666445,,,,,,,,,,,,,,,,,,,,,,,,
0.668422,,,,,,,,,,,,,,,,,,,,,,,,
0.6704,,,,,,,,,,,,,,,,,,,,,,,,
0.672378,,,,,,,,,,,,,,,,,,,,,,,,
0.674355,,,,,,,,,,,,,,,,,,,,,,,,
0.676333,,,,,,,,,,,,,,,,,,,,,,,,
0.67831,,,,,,,,,,,,,,,,,,,,,,,,
0.680288,,,,,,,,,,,,,,,,,,,,,,,,
0.682265,,,,,,,,,,,,,,,,,,,,,,,,
0.684243,,,,,,,,,,,,,,,,,,,,,,,,
0.686221,,,,,,,,,,,,,,,,,,,,,,,,
0.688198,,,,,,,,,,,,,,,,,,,,,,,,
0.690176,,,,,,,,,,,,,,,,,,,,,,,,
0.692153,,,,,,,,,,,,,,,,,,,,,,,,
0.694131,,,,,,,,,,,,,,,,,,,,,,,,
0.696109,,,,,,,,,,,,,,,,,,,,,,,,
0.698086,,,,,,,,,,,,,,,,,,,,,,,,
0.700064,,,,,,,,,,,,,,,,,,,,,,,,
0.702041,,,,,,,,,,,,,,,,,,,,,,,,
0.704019,,,,,,,,,,,,,,,,,,,,,,,,
0.705996,,,,,,,,,,,,,,,,,,,,,,,,
0.707974,,,,,,,,,,,,,,,,,,,,,,,,
0.709952,,,,,,,,,,,,,,,,,,,,,,,,
0.711929,,,,,,,,,,,,,,,,,,,,,,,,
0.713907,,,,,,,,,,,,,,,,,,,,,,,,
0.715884,,,,,,,,,,,,,,,,,,,,,,,,
0.717862,,,,,,,,,,,,,,,,,,,,,,,,
0.71984,,,,,,,,,,,,,,,,,,,,,,,,
0.721817,,,,,,,,,,,,,,,,,,,,,,,,
0.723795,,,,,,,,,,,,,,,,,,,,,,,,
0.725772,,,,,,,,,,,,,,,,,,,,,,,,
0.72775,,,,,,,,,,,,,,,,,,,,,,,,
0.729727,,,,,,,,,,,,,,,,,,,,,,,,
0.731705,,,,,,,,,,,,,,,,,,,,,,,,
0.733683,,,,,,,,,,,,,,,,,,,,,,,,
0.73566,,,,,,,,,,,,,,,,,,,,,,,,
0.737638,,,,,,,,,,,,,,,,,,,,,,,,
0.739615,,,,,,,,,,,,,,,,,,,,,,,,
0.741593,,,,,,,,,,,,,,,,,,,,,,,,
0.743571,,,,,,,,,,,,,,,,,,,,,,,,
0.745548,,,,,,,,,,,,,,,,,,,,,,,,
0.747526,,,,,,,,,,,,,,,,,,,,,,,,
0.749503,,,,,,,,,,,,,,,,,,,,,,,,
0.751481,,,,,,,,,,,,,,,,,,,,,,,,
0.753458,,,,,,,,,,,,,,,,,,,,,,,,
0.755436,,,,,,,,,,,,,,,,,,,,,,,,
0.757414,,,,,,,,,,,,,,,,,,,,,,,,
0.759391,,,,,,,,,,,,,,,,,,,,,,,,
0.761369,,,,,,,,,,,,,,,,,,,,,,,,
0.763346,,,,,,,,,,,,,,,,,,,,,,,,
0.765324,,,,,,,,,,,,,,,,,,,,,,,,
0.767301,,,,,,,,,,,,,,,,,,,,,,,,
0.769279,,,,,,,,,,,,,,,,,,,,,,,,
0.771257,,,,,,,,,,,,,,,,,,,,,,,,
0.773234,,,,,,,,,,,,,,,,,,,,,,,,
0.775212,,,,,,,,,,,,,,,,,,,,,,,,
0.777189,,,,,,,,,,,,,,,,,,,,,,,,
0.779167,,,,,,,,,,,,,,,,,,,,,,,,
0.781145,,,,,,,,,,,,,,,,,,,,,,,,
0.783122,,,,,,,,,,,,,,,,,,,,,,,,
0.7851,,,,,,,,,,,,,,,,,,,,,,,,
0.787077,,,,,,,,,,,,,,,,,,,,,,,,
0.789055,,,,,,,,,,,,,,,,,,,,,,,,
0.791032,,,,,,,,,,,,,,,,,,,,,,,,
0.79301,,,,,,,,,,,,,,,,,,,,,,,,
0.794988,,,,,,,,,,,,,,,,,,,,,,,,
0.796965,,,,,,,,,,,,,,,,,,,,,,,,
0.798943,,,,,,,,,,,,,,,,,,,,,,,,
0.80092,,,,,,,,,,,,,,,,,,,,,,,,
0.802898,,,,,,,,,,,,,,,,,,,,,,,,
0.804876,,,,,,,,,,,,,,,,,,,,,,,,
0.806853,,,,,,,,,,,,,,,,,,,,,,,,
0.808831,,,,,,,,,,,,,,,,,,,,,,,,
0.810808,,,,,,,,,,,,,,,,,,,,,,,,
0.812786,,,,,,,,,,,,,,,,,,,,,,,,
0.814763,,,,,,,,,,,,,,,,,,,,,,,,
0.816741,,,,,,,,,,,,,,,,,,,,,,,,
0.818719,,,,,,,,,,,,,,,,,,,,,,,,
0.820696,,,,,,,,,,,,,,,,,,,,,,,,
0.822674,,,,,,,,,,,,,,,,,,,,,,,,
0.824651,,,,,,,,,,,,,,,,,,,,,,,,
0.826629,,,,,,,,,,,,,,,,,,,,,,,,
0.828606,,,,,,,,,,,,,,,,,,,,,,,,
0.830584,,,,,,,,,,,,,,,,,,,,,,,,
0.832562,,,,,,,,,,,,,,,,,,,,,,,,
0.834539,,,,,,,,,,,,,,,,,,,,,,,,
0.836517,,,,,,,,,,,,,,,,,,,,,,,,
0.838494,,,,,,,,,,,,,,,,,,,,,,,,
0.840472,,,,,,,,,,,,,,,,,,,,,,,,
0.84245,,,,,,,,,,,,,,,,,,,,,,,,
0.844427,,,,,,,,,,,,,,,,,,,,,,,,
0.846405,,,,,,,,,,,,,,,,,,,,,,,,
0.848382,,,,,,,,,,,,,,,,,,,,,,,,
0.85036,,,,,,,,,,,,,,,,,,,,,,,,
0.852337,,,,,,,,,,,,,,,,,,,,,,,,
0.854315,,,,,,,,,,,,,,,,,,,,,,,,
0.856293,,,,,,,,,,,,,,,,,,,,,,,,
0.85827,,,,,,,,,,,,,,,,,,,,,,,,
0.860248,,,,,,,,,,,,,,,,,,,,,,,,
0.862225,,,,,,,,,,,,,,,,,,,,,,,,
0.864203,,,,,,,,,,,,,,,,,,,,,,,,
0.866181,,,,,,,,,,,,,,,,,,,,,,,,
0.868158,,,,,,,,,,,,,,,,,,,,,,,,
0.870136,,,,,,,,,,,,,,,,,,,,,,,,
0.872113,,,,,,,,,,,,,,,,,,,,,,,,
0.874091,,,,,,,,,,,,,,,,,,,,,,,,
0.876068,,,,,,,,,,,,,,,,,,,,,,,,
0.878046,,,,,,,,,,,,,,,,,,,,,,,,
0.880024,,,,,,,,,,,,,,,,,,,,,,,,
0.882001,,,,,,,,,,,,,,,,,,,,,,,,
0.883979,,,,,,,,,,,,,,,,,,,,,,,,
0.885956,,,,,,,,,,,,,,,,,,,,,,,,
0.887934,,,,,,,,,,,,,,,,,,,,,,,,
0.889912,,,,,,,,,,,,,,,,,,,,,,,,
0.891889,,,,,,,,,,,,,,,,,,,,,,,,
0.893867,,,,,,,,,,,,,,,,,,,,,,,,
0.895844,,,,,,,,,,,,,,,,,,,,,,,,
0.897822,,,,,,,,,,,,,,,,,,,,,,,,
0.899799,,,,,,,,,,,,,,,,,,,,,,,,
0.901777,,,,,,,,,,,,,,,,,,,,,,,,
0.903755,,,,,,,,,,,,,,,,,,,,,,,,
0.905732,,,,,,,,,,,,,,,,,,,,,,,,
0.90771,,,,,,,,,,,,,,,,,,,,,,,,
0.909687,,,,,,,,,,,,,,,,,,,,,,,,
0.911665,,,,,,,,,,,,,,,,,,,,,,,,
0.913642,,,,,,,,,,,,,,,,,,,,,,,,
0.91562,,,,,,,,,,,,,,,,,,,,,,,,
0.917598,,,,,,,,,,,,,,,,,,,,,,,,
0.919575,,,,,,,,,,,,,,,,,,,,,,,,
0.921553,,,,,,,,,,,,,,,,,,,,,,,,
0.92353,,,,,,,,,,,,,,,,,,,,,,,,
0.925508,,,,,,,,,,,,,,,,,,,,,,,,
0.927486,,,,,,,,,,,,,,,,,,,,,,,,
0.929463,,,,,,,,,,,,,,,,,,,,,,,,
0.931441,,,,,,,,,,,,,,,,,,,,,,,,
0.933418,,,,,,,,,,,,,,,,,,,,,,,,
0.935396,,,,,,,,,,,,,,,,,,,,,,,,
0.937373,,,,,,,,,,,,,,,,,,,,,,,,
0.939351,,,,,,,,,,,,,,,,,,,,,,,,
0.941329,,,,,,,,,,,,,,,,,,,,,,,,
0.943306,,,,,,,,,,,,,,,,,,,,,,,,
0.945284,,,,,,,,,,,,,,,,,,,,,,,,
0.947261,,,,,,,,,,,,,,,,,,,,,,,,
0.949239,,,,,,,,,,,,,,,,,,,,,,,,
0.951217,,,,,,,,,,,,,,,,,,,,,,,,
0.953194,,,,,,,,,,,,,,,,,,,,,,,,
0.955172,,,,,,,,,,,,,,,,,,,,,,,,
0.957149,,,,,,,,,,,,,,,,,,,,,,,,
0.959127,,,,,,,,,,,,,,,,,,,,,,,,
0.961104,,,,,,,,,,,,,,,,,,,,,,,,
0.963082,,,,,,,,,,,,,,,,,,,,,,,,
0.96506,,,,,,,,,,,,,,,,,,,,,,,,
0.967037,,,,,,,,,,,,,,,,,,,,,,,,
0.969015,,,,,,,,,,,,,,,,,,,,,,,,
0.970992,,,,,,,,,,,,,,,,,,,,,,,,
0.97297,,,,,,,,,,,,,,,,,,,,,,,,
0.974947,,,,,,,,,,,,,,,,,,,,,,,,
0.976925,,,,,,,,,,,,,,,,,,,,,,,,
0.978903,,,,,,,,,,,,,,,,,,,,,,,,
0.98088,,,,,,,,,,,,,,,,,,,,,,,,
0.982858,,,,,,,,,,,,,,,,,,,,,,,,
0.984835,,,,,,,,,,,,,,,,,,,,,,,,
0.986813,,,,,,,,,,,,,,,,,,,,,,,,
0.988791,,,,,,,,,,,,,,,,,,,,,,,,
0.990768,,,,,,,,,,,,,,,,,,,,,,,,
0.992746,,,,,,,,,,,,,,,,,,,,,,,,
0.994723,,,,,,,,,,,,,,,,,,,,,,,,
0.996701,,,,,,,,,,,,,,,,,,,,,,,,
0.998678,,,,,,,,,,,,,,,,,,,,,,,,
1.00066,,,,,,,,,,,,,,,,,,,,,,,,
1.00263,,,,,,,,,,,,,,,,,,,,,,,,
1.00461,,,,,,,,,,,,,,,,,,,,,,,,
1.00659,,,,,,,,,,,,,,,,,,,,,,,,
1.00857,,,,,,,,,,,,,,,,,,,,,,,,
1.01054,,,,,,,,,,,,,,,,,,,,,,,,
1.01252,,,,,,,,,,,,,,,,,,,,,,,,
1.0145,,,,,,,,,,,,,,,,,,,,,,,,
1.01648,,,,,,,,,,,,,,,,,,,,,,,,
1.01845,,,,,,,,,,,,,,,,,,,,,,,,
1.02043,,,,,,,,,,,,,,,,,,,,,,,,
1.02241,,,,,,,,,,,,,,,,,,,,,,,,
1.02439,,,,,,,,,,,,,,,,,,,,,,,,
1.02636,,,,,,,,,,,,,,,,,,,,,,,,
1.02834,,,,,,,,,,,,,,,,,,,,,,,,
1.03032,,,,,,,,,,,,,,,,,,,,,,,,
1.0323,,,,,,,,,,,,,,,,,,,,,,,,
1.03427,,,,,,,,,,,,,,,,,,,,,,,,
1.03625,,,,,,,,,,,,,,,,,,,,,,,,
1.03823,,,,,,,,,,,,,,,,,,,,,,,,
1.04021,,,,,,,,,,,,,,,,,,,,,,,,
1.04219,,,,,,,,,,,,,,,,,,,,,,,,
1.04416,,,,,,,,,,,,,,,,,,,,,,,,
1.04614,,,,,,,,,,,,,,,,,,,,,,,,
1.04812,,,,,,,,,,,,,,,,,,,,,,,,
1.0501,,,,,,,,,,,,,,,,,,,,,,,,
1.05207,,,,,,,,,,,,,,,,,,,,,,,,
1.05405,,,,,,,,,,,,,,,,,,,,,,,,
1.05603,,,,,,,,,,,,,,,,,,,,,,,,
1.05801,,,,,,,,,,,,,,,,,,,,,,,,
1.05998,,,,,,,,,,,,,,,,,,,,,,,,
1.06196,,,,,,,,,,,,,,,,,,,,,,,,
1.06394,,,,,,,,,,,,,,,,,,,,,,,,
1.06592,,,,,,,,,,,,,,,,,,,,,,,,
1.06789,,,,,,,,,,,,,,,,,,,,,,,,
1.06987,,,,,,,,,,,,,,,,,,,,,,,,
1.07185,,,,,,,,,,,,,,,,,,,,,,,,
1.07383,,,,,,,,,,,,,,,,,,,,,,,,
1.0758,,,,,,,,,,,,,,,,,,,,,,,,
1.07778,,,,,,,,,,,,,,,,,,,,,,,,
1.07976,,,,,,,,,,,,,,,,,,,,,,,,
1.08174,,,,,,,,,,,,,,,,,,,,,,,,
1.08371,,,,,,,,,,,,,,,,,,,,,,,,
1.08569,,,,,,,,,,,,,,,,,,,,,,,,
1.08767,,,,,,,,,,,,,,,,,,,,,,,,
1.08965,,,,,,,,,,,,,,,,,,,,,,,,
1.09162,,,,,,,,,,,,,,,,,,,,,,,,
1.0936,,,,,,,,,,,,,,,,,,,,,,,,
1.09558,,,,,,,,,,,,,,,,,,,,,,,,
1.09756,,,,,,,,,,,,,,,,,,,,,,,,
1.09954,,,,,,,,,,,,,,,,,,,,,,,,
1.10151,,,,,,,,,,,,,,,,,,,,,,,,
1.10349,,,,,,,,,,,,,,,,,,,,,,,,
1.10547,,,,,,,,,,,,,,,,,,,,,,,,
1.10745,,,,,,,,,,,,,,,,,,,,,,,,
1.10942,,,,,,,,,,,,,,,,,,,,,,,,
1.1114,,,,,,,,,,,,,,,,,,,,,,,,
1.11338,,,,,,,,,,,,,,,,,,,,,,,,
1.11536,,,,,,,,,,,,,,,,,,,,,,,,
1.11733,,,,,,,,,,,,,,,,,,,,,,,,
1.11931,,,,,,,,,,,,,,,,,,,,,,,,
1.12129,,,,,,,,,,,,,,,,,,,,,,,,
1.12327,,,,,,,,,,,,,,,,,,,,,,,,
1.12524,,,,,,,,,,,,,,,,,,,,,,,,
1.12722,,,,,,,,,,,,,,,,,,,,,,,,
1.1292,,,,,,,,,,,,,,,,,,,,,,,,
1.13118,,,,,,,,,,,,,,,,,,,,,,,,
1.13315,,,,,,,,,,,,,,,,,,,,,,,,
1.13513,,,,,,,,,,,,,,,,,,,,,,,,
1.13711,,,,,,,,,,,,,,,,,,,,,,,,
1.13909,,,,,,,,,,,,,,,,,,,,,,,,
1.14106,,,,,,,,,,,,,,,,,,,,,,,,
1.14304,,,,,,,,,,,,,,,,,,,,,,,,
1.14502,,,,,,,,,,,,,,,,,,,,,,,,
1.147,,,,,,,,,,,,,,,,,,,,,,,,
1.14897,,,,,,,,,,,,,,,,,,,,,,,,
1.15095,,,,,,,,,,,,,,,,,,,,,,,,
1.15293,,,,,,,,,,,,,,,,,,,,,,,,
1.15491,,,,,,,,,,,,,,,,,,,,,,,,
1.15688,,,,,,,,,,,,,,,,,,,,,,,,
1.15886,,,,,,,,,,,,,,,,,,,,,,,,
1.16084,,,,,,,,,,,,,,,,,,,,,,,,
1.16282,,,,,,,,,,,,,,,,,,,,,,,,
1.1648,,,,,,,,,,,,,,,,,,,,,,,,
1.16677,,,,,,,,,,,,,,,,,,,,,,,,
1.16875,,,,,,,,,,,,,,,,,,,,,,,,
1.17073,,,,,,,,,,,,,,,,,,,,,,,,
1.17271,,,,,,,,,,,,,,,,,,,,,,,,
1.17468,,,,,,,,,,,,,,,,,,,,,,,,
1.17666,,,,,,,,,,,,,,,,,,,,,,,,
1.17864,,,,,,,,,,,,,,,,,,,,,,,,
1.18062,,,,,,,,,,,,,,,,,,,,,,,,
1.18259,,,,,,,,,,,,,,,,,,,,,,,,
1.18457,,,,,,,,,,,,,,,,,,,,,,,,
1.18655,,,,,,,,,,,,,,,,,,,,,,,,
1.18853,,,,,,,,,,,,,,,,,,,,,,,,
1.1905,,,,,,,,,,,,,,,,,,,,,,,,
1.19248,,,,,,,,,,,,,,,,,,,,,,,,
1.19446,,,,,,,,,,,,,,,,,,,,,,,,
1.19644,,,,,,,,,,,,,,,,,,,,,,,,
1.19841,,,,,,,,,,,,,,,,,,,,,,,,
1.20039,,,,,,,,,,,,,,,,,,,,,,,,
1.20237,,,,,,,,,,,,,,,,,,,,,,,,
1.20435,,,,,,,,,,,,,,,,,,,,,,,,
1.20632,,,,,,,,,,,,,,,,,,,,,,,,
1.2083,,,,,,,,,,,,,,,,,,,,,,,,
1.21028,,,,,,,,,,,,,,,,,,,,,,,,
1.21226,,,,,,,,,,,,,,,,,,,,,,,,
1.21423,,,,,,,,,,,,,,,,,,,,,,,,
1.21621,,,,,,,,,,,,,,,,,,,,,,,,
1.21819,,,,,,,,,,,,,,,,,,,,,,,,
1.22017,,,,,,,,,,,,,,,,,,,,,,,,
1.22215,,,,,,,,,,,,,,,,,,,,,,,,
1.22412,,,,,,,,,,,,,,,,,,,,,,,,
1.2261,,,,,,,,,,,,,,,,,,,,,,,,
1.22808,,,,,,,,,,,,,,,,,,,,,,,,
1.23006,,,,,,,,,,,,,,,,,,,,,,,,
1.23203,,,,,,,,,,,,,,,,,,,,,,,,
1.23401,,,,,,,,,,,,,,,,,,,,,,,,
1.23599,,,,,,,,,,,,,,,,,,,,,,,,
1.23797,,,,,,,,,,,,,,,,,,,,,,,,
1.23994,,,,,,,,,,,,,,,,,,,,,,,,
1.24192,,,,,,,,,,,,,,,,,,,,,,,,
1.2439,,,,,,,,,,,,,,,,,,,,,,,,
1.24588,,,,,,,,,,,,,,,,,,,,,,,,
1.24785,,,,,,,,,,,,,,,,,,,,,,,,
1.24983,,,,,,,,,,,,,,,,,,,,,,,,
1.25181,,,,,,,,,,,,,,,,,,,,,,,,
1.25379,,,,,,,,,,,,,,,,,,,,,,,,
1.25576,,,,,,,,,,,,,,,,,,,,,,,,
1.25774,,,,,,,,,,,,,,,,,,,,,,,,
1.25972,,,,,,,,,,,,,,,,,,,,,,,,
1.2617,,,,,,,,,,,,,,,,,,,,,,,,
1.26367,,,,,,,,,,,,,,,,,,,,,,,,
1.26565,,,,,,,,,,,,,,,,,,,,,,,,
1.26763,,,,,,,,,,,,,,,,,,,,,,,,
1.26961,,,,,,,,,,,,,,,,,,,,,,,,
1.27158,,,,,,,,,,,,,,,,,,,,,,,,
1.27356,,,,,,,,,,,,,,,,,,,,,,,,
1.27554,,,,,,,,,,,,,,,,,,,,,,,,
1.27752,,,,,,,,,,,,,,,,,,,,,,,,
1.27949,,,,,,,,,,,,,,,,,,,,,,,,
1.28147,,,,,,,,,,,,,,,,,,,,,,,,
1.28345,,,,,,,,,,,,,,,,,,,,,,,,
1.28543,,,,,,,,,,,,,,,,,,,,,,,,
1.28741,,,,,,,,,,,,,,,,,,,,,,,,
1.28938,,,,,,,,,,,,,,,,,,,,,,,,
1.29136,,,,,,,,,,,,,,,,,,,,,,,,
1.29334,,,,,,,,,,,,,,,,,,,,,,,,
1.29532,,,,,,,,,,,,,,,,,,,,,,,,
1.29729,,,,,,,,,,,,,,,,,,,,,,,,
1.29927,,,,,,,,,,,,,,,,,,,,,,,,
1.30125,,,,,,,,,,,,,,,,,,,,,,,,
1.30323,,,,,,,,,,,,,,,,,,,,,,,,
1.3052,,,,,,,,,,,,,,,,,,,,,,,,
1.30718,,,,,,,,,,,,,,,,,,,,,,,,
1.30916,,,,,,,,,,,,,,,,,,,,,,,,
1.31114,,,,,,,,,,,,,,,,,,,,,,,,
1.31311,,,,,,,,,,,,,,,,,,,,,,,,
1.31509,,,,,,,,,,,,,,,,,,,,,,,,
1.31707,,,,,,,,,,,,,,,,,,,,,,,,
1.31905,,,,,,,,,,,,,,,,,,,,,,,,
1.32102,,,,,,,,,,,,,,,,,,,,,,,,
1.323,,,,,,,,,,,,,,,,,,,,,,,,
1.32498,,,,,,,,,,,,,,,,,,,,,,,,
1.32696,,,,,,,,,,,,,,,,,,,,,,,,
1.32893,,,,,,,,,,,,,,,,,,,,,,,,
1.33091,,,,,,,,,,,,,,,,,,,,,,,,
1.33289,,,,,,,,,,,,,,,,,,,,,,,,
1.33487,,,,,,,,,,,,,,,,,,,,,,,,
1.33684,,,,,,,,,,,,,,,,,,,,,,,,
1.33882,,,,,,,,,,,,,,,,,,,,,,,,
1.3408,,,,,,,,,,,,,,,,,,,,,,,,
1.34278,,,,,,,,,,,,,,,,,,,,,,,,
1.34476,,,,,,,,,,,,,,,,,,,,,,,,
1.34673,,,,,,,,,,,,,,,,,,,,,,,,
1.34871,,,,,,,,,,,,,,,,,,,,,,,,
1.35069,,,,,,,,,,,,,,,,,,,,,,,,
1.35267,,,,,,,,,,,,,,,,,,,,,,,,
1.35464,,,,,,,,,,,,,,,,,,,,,,,,
1.35662,,,,,,,,,,,,,,,,,,,,,,,,
1.3586,,,,,,,,,,,,,,,,,,,,,,,,
1.36058,,,,,,,,,,,,,,,,,,,,,,,,
1.36255,,,,,,,,,,,,,,,,,,,,,,,,
1.36453,,,,,,,,,,,,,,,,,,,,,,,,
1.36651,,,,,,,,,,,,,,,,,,,,,,,,
1.36849,,,,,,,,,,,,,,,,,,,,,,,,
1.37046,,,,,,,,,,,,,,,,,,,,,,,,
1.37244,,,,,,,,,,,,,,,,,,,,,,,,
1.37442,,,,,,,,,,,,,,,,,,,,,,,,
1.3764,,,,,,,,,,,,,,,,,,,,,,,,
1.37837,,,,,,,,,,,,,,,,,,,,,,,,
1.38035,,,,,,,,,,,,,,,,,,,,,,,,
1.38233,,,,,,,,,,,,,,,,,,,,,,,,
1.38431,,,,,,,,,,,,,,,,,,,,,,,,
1.38628,,,,,,,,,,,,,,,,,,,,,,,,
1.38826,,,,,,,,,,,,,,,,,,,,,,,,
1.39024,,,,,,,,,,,,,,,,,,,,,,,,
1.39222,,,,,,,,,,,,,,,,,,,,,,,,
1.39419,,,,,,,,,,,,,,,,,,,,,,,,
1.39617,,,,,,,,,,,,,,,,,,,,,,,,
1.39815,,,,,,,,,,,,,,,,,,,,,,,,
1.40013,,,,,,,,,,,,,,,,,,,,,,,,
1.40211,,,,,,,,,,,,,,,,,,,,,,,,
1.40408,,,,,,,,,,,,,,,,,,,,,,,,
1.40606,,,,,,,,,,,,,,,,,,,,,,,,
1.40804,,,,,,,,,,,,,,,,,,,,,,,,
1.41002,,,,,,,,,,,,,,,,,,,,,,,,
1.41199,,,,,,,,,,,,,,,,,,,,,,,,
1.41397,,,,,,,,,,,,,,,,,,,,,,,,
1.41595,,,,,,,,,,,,,,,,,,,,,,,,
1.41793,,,,,,,,,,,,,,,,,,,,,,,,
1.4199,,,,,,,,,,,,,,,,,,,,,,,,
1.42188,,,,,,,,,,,,,,,,,,,,,,,,
1.42386,,,,,,,,,,,,,,,,,,,,,,,,
1.42584,,,,,,,,,,,,,,,,,,,,,,,,
1.42781,,,,,,,,,,,,,,,,,,,,,,,,
1.42979,,,,,,,,,,,,,,,,,,,,,,,,
1.43177,,,,,,,,,,,,,,,,,,,,,,,,
1.43375,,,,,,,,,,,,,,,,,,,,,,,,
1.43572,,,,,,,,,,,,,,,,,,,,,,,,
1.4377,,,,,,,,,,,,,,,,,,,,,,,,
1.43968,,,,,,,,,,,,,,,,,,,,,,,,
1.44166,,,,,,,,,,,,,,,,,,,,,,,,
1.44363,,,,,,,,,,,,,,,,,,,,,,,,
1.44561,,,,,,,,,,,,,,,,,,,,,,,,
1.44759,,,,,,,,,,,,,,,,,,,,,,,,
1.44957,,,,,,,,,,,,,,,,,,,,,,,,
1.45154,,,,,,,,,,,,,,,,,,,,,,,,
1.45352,,,,,,,,,,,,,,,,,,,,,,,,
1.4555,,,,,,,,,,,,,,,,,,,,,,,,
1.45748,,,,,,,,,,,,,,,,,,,,,,,,
1.45945,,,,,,,,,,,,,,,,,,,,,,,,
1.46143,,,,,,,,,,,,,,,,,,,,,,,,
1.46341,,,,,,,,,,,,,,,,,,,,,,,,
1.46539,,,,,,,,,,,,,,,,,,,,,,,,
1.46737,,,,,,,,,,,,,,,,,,,,,,,,
1.46934,,,,,,,,,,,,,,,,,,,,,,,,
1.47132,,,,,,,,,,,,,,,,,,,,,,,,
1.4733,,,,,,,,,,,,,,,,,,,,,,,,
1.47528,,,,,,,,,,,,,,,,,,,,,,,,
1.47725,,,,,,,,,,,,,,,,,,,,,,,,
1.47923,,,,,,,,,,,,,,,,,,,,,,,,
1.48121,,,,,,,,,,,,,,,,,,,,,,,,
1.48319,,,,,,,,,,,,,,,,,,,,,,,,
1.48516,,,,,,,,,,,,,,,,,,,,,,,,
1.48714,,,,,,,,,,,,,,,,,,,,,,,,
1.48912,,,,,,,,,,,,,,,,,,,,,,,,
1.4911,,,,,,,,,,,,,,,,,,,,,,,,
1.49307,,,,,,,,,,,,,,,,,,,,,,,,
1.49505,,,,,,,,,,,,,,,,,,,,,,,,
1.49703,,,,,,,,,,,,,,,,,,,,,,,,
1.49901,,,,,,,,,,,,,,,,,,,,,,,,
1.50098,,,,,,,,,,,,,,,,,,,,,,,,
1.50296,,,,,,,,,,,,,,,,,,,,,,,,
1.50494,,,,,,,,,,,,,,,,,,,,,,,,
1.50692,,,,,,,,,,,,,,,,,,,,,,,,
1.50889,,,,,,,,,,,,,,,,,,,,,,,,
1.51087,,,,,,,,,,,,,,,,,,,,,,,,
1.51285,,,,,,,,,,,,,,,,,,,,,,,,
1.51483,,,,,,,,,,,,,,,,,,,,,,,,
1.5168,,,,,,,,,,,,,,,,,,,,,,,,
1.51878,,,,,,,,,,,,,,,,,,,,,,,,
1.52076,,,,,,,,,,,,,,,,,,,,,,,,
1.52274,,,,,,,,,,,,,,,,,,,,,,,,
1.52472,,,,,,,,,,,,,,,,,,,,,,,,
1.52669,,,,,,,,,,,,,,,,,,,,,,,,
1.52867,,,,,,,,,,,,,,,,,,,,,,,,
1.53065,,,,,,,,,,,,,,,,,,,,,,,,
1.53263,,,,,,,,,,,,,,,,,,,,,,,,
1.5346,,,,,,,,,,,,,,,,,,,,,,,,
1.53658,,,,,,,,,,,,,,,,,,,,,,,,
1.53856,,,,,,,,,,,,,,,,,,,,,,,,
1.54054,,,,,,,,,,,,,,,,,,,,,,,,
1.54251,,,,,,,,,,,,,,,,,,,,,,,,
1.54449,,,,,,,,,,,,,,,,,,,,,,,,
1.54647,,,,,,,,,,,,,,,,,,,,,,,,
1.54845,,,,,,,,,,,,,,,,,,,,,,,,
1.55042,,,,,,,,,,,,,,,,,,,,,,,,
1.5524,,,,,,,,,,,,,,,,,,,,,,,,
1.55438,,,,,,,,,,,,,,,,,,,,,,,,
1.55636,,,,,,,,,,,,,,,,,,,,,,,,
1.55833,,,,,,,,,,,,,,,,,,,,,,,,
1.56031,,,,,,,,,,,,,,,,,,,,,,,,
1.56229,,,,,,,,,,,,,,,,,,,,,,,,
1.56427,,,,,,,,,,,,,,,,,,,,,,,,
1.56624,,,,,,,,,,,,,,,,,,,,,,,,
1.56822,,,,,,,,,,,,,,,,,,,,,,,,
1.5702,,,,,,,,,,,,,,,,,,,,,,,,
1.57218,,,,,,,,,,,,,,,,,,,,,,,,
1.57415,,,,,,,,,,,,,,,,,,,,,,,,
1.57613,,,,,,,,,,,,,,,,,,,,,,,,
1.57811,,,,,,,,,,,,,,,,,,,,,,,,
1.58009,,,,,,,,,,,,,,,,,,,,,,,,
1.58206,,,,,,,,,,,,,,,,,,,,,,,,
1.58404,,,,,,,,,,,,,,,,,,,,,,,,
1.58602,,,,,,,,,,,,,,,,,,,,,,,,
1.588,,,,,,,,,,,,,,,,,,,,,,,,
1.58998,,,,,,,,,,,,,,,,,,,,,,,,
1.59195,,,,,,,,,,,,,,,,,,,,,,,,
1.59393,,,,,,,,,,,,,,,,,,,,,,,,
1.59591,,,,,,,,,,,,,,,,,,,,,,,,
1.59789,,,,,,,,,,,,,,,,,,,,,,,,
1.59986,,,,,,,,,,,,,,,,,,,,,,,,
1.60184,,,,,,,,,,,,,,,,,,,,,,,,
1.60382,,,,,,,,,,,,,,,,,,,,,,,,
1.6058,,,,,,,,,,,,,,,,,,,,,,,,
1.60777,,,,,,,,,,,,,,,,,,,,,,,,
1.60975,,,,,,,,,,,,,,,,,,,,,,,,
1.61173,,,,,,,,,,,,,,,,,,,,,,,,
1.61371,,,,,,,,,,,,,,,,,,,,,,,,
1.61568,,,,,,,,,,,,,,,,,,,,,,,,
1.61766,,,,,,,,,,,,,,,,,,,,,,,,
1.61964,,,,,,,,,,,,,,,,,,,,,,,,
1.62162,,,,,,,,,,,,,,,,,,,,,,,,
1.62359,,,,,,,,,,,,,,,,,,,,,,,,
1.62557,,,,,,,,,,,,,,,,,,,,,,,,
1.62755,,,,,,,,,,,,,,,,,,,,,,,,
1.62953,,,,,,,,,,,,,,,,,,,,,,,,
1.6315,,,,,,,,,,,,,,,,,,,,,,,,
1.63348,,,,,,,,,,,,,,,,,,,,,,,,
1.63546,,,,,,,,,,,,,,,,,,,,,,,,
1.63744,,,,,,,,,,,,,,,,,,,,,,,,
1.63941,,,,,,,,,,,,,,,,,,,,,,,,
1.64139,,,,,,,,,,,,,,,,,,,,,,,,
1.64337,,,,,,,,,,,,,,,,,,,,,,,,
1.64535,,,,,,,,,,,,,,,,,,,,,,,,
1.64733,,,,,,,,,,,,,,,,,,,,,,,,
1.6493,,,,,,,,,,,,,,,,,,,,,,,,
1.65128,,,,,,,,,,,,,,,,,,,,,,,,
1.65326,,,,,,,,,,,,,,,,,,,,,,,,
1.65524,,,,,,,,,,,,,,,,,,,,,,,,
1.65721,,,,,,,,,,,,,,,,,,,,,,,,
1.65919,,,,,,,,,,,,,,,,,,,,,,,,
1.66117,,,,,,,,,,,,,,,,,,,,,,,,
1.66315,,,,,,,,,,,,,,,,,,,,,,,,
1.66512,,,,,,,,,,,,,,,,,,,,,,,,
1.6671,,,,,,,,,,,,,,,,,,,,,,,,
1.66908,,,,,,,,,,,,,,,,,,,,,,,,
1.67106,,,,,,,,,,,,,,,,,,,,,,,,
1.67303,,,,,,,,,,,,,,,,,,,,,,,,
1.67501,,,,,,,,,,,,,,,,,,,,,,,,
1.67699,,,,,,,,,,,,,,,,,,,,,,,,
1.67897,,,,,,,,,,,,,,,,,,,,,,,,
1.68094,,,,,,,,,,,,,,,,,,,,,,,,
1.68292,,,,,,,,,,,,,,,,,,,,,,,,
1.6849,,,,,,,,,,,,,,,,,,,,,,,,
1.68688,,,,,,,,,,,,,,,,,,,,,,,,
1.68885,,,,,,,,,,,,,,,,,,,,,,,,
1.69083,,,,,,,,,,,,,,,,,,,,,,,,
1.69281,,,,,,,,,,,,,,,,,,,,,,,,
1.69479,,,,,,,,,,,,,,,,,,,,,,,,
1.69676,,,,,,,,,,,,,,,,,,,,,,,,
1.69874,,,,,,,,,,,,,,,,,,,,,,,,
1.70072,,,,,,,,,,,,,,,,,,,,,,,,
1.7027,,,,,,,,,,,,,,,,,,,,,,,,
1.70467,,,,,,,,,,,,,,,,,,,,,,,,
1.70665,,,,,,,,,,,,,,,,,,,,,,,,
1.70863,,,,,,,,,,,,,,,,,,,,,,,,
1.71061,,,,,,,,,,,,,,,,,,,,,,,,
1.71259,,,,,,,,,,,,,,,,,,,,,,,,
1.71456,,,,,,,,,,,,,,,,,,,,,,,,
1.71654,,,,,,,,,,,,,,,,,,,,,,,,
1.71852,,,,,,,,,,,,,,,,,,,,,,,,
1.7205,,,,,,,,,,,,,,,,,,,,,,,,
1.72247,,,,,,,,,,,,,,,,,,,,,,,,
1.72445,,,,,,,,,,,,,,,,,,,,,,,,
1.72643,,,,,,,,,,,,,,,,,,,,,,,,
1.72841,,,,,,,,,,,,,,,,,,,,,,,,
1.73038,,,,,,,,,,,,,,,,,,,,,,,,
1.73236,,,,,,,,,,,,,,,,,,,,,,,,
1.73434,,,,,,,,,,,,,,,,,,,,,,,,
1.73632,,,,,,,,,,,,,,,,,,,,,,,,
1.73829,,,,,,,,,,,,,,,,,,,,,,,,
1.74027,,,,,,,,,,,,,,,,,,,,,,,,
1.74225,,,,,,,,,,,,,,,,,,,,,,,,
1.74423,,,,,,,,,,,,,,,,,,,,,,,,
1.7462,,,,,,,,,,,,,,,,,,,,,,,,
1.74818,,,,,,,,,,,,,,,,,,,,,,,,
1.75016,,,,,,,,,,,,,,,,,,,,,,,,
1.75214,,,,,,,,,,,,,,,,,,,,,,,,
1.75411,,,,,,,,,,,,,,,,,,,,,,,,
1.75609,,,,,,,,,,,,,,,,,,,,,,,,
1.75807,,,,,,,,,,,,,,,,,,,,,,,,
1.76005,,,,,,,,,,,,,,,,,,,,,,,,
1.76202,,,,,,,,,,,,,,,,,,,,,,,,
1.764,,,,,,,,,,,,,,,,,,,,,,,,
1.76598,,,,,,,,,,,,,,,,,,,,,,,,
1.76796,,,,,,,,,,,,,,,,,,,,,,,,
1.76994,,,,,,,,,,,,,,,,,,,,,,,,
1.77191,,,,,,,,,,,,,,,,,,,,,,,,
1.77389,,,,,,,,,,,,,,,,,,,,,,,,
1.77587,,,,,,,,,,,,,,,,,,,,,,,,
1.77785,,,,,,,,,,,,,,,,,,,,,,,,
1.77982,,,,,,,,,,,,,,,,,,,,,,,,
1.7818,,,,,,,,,,,,,,,,,,,,,,,,
1.78378,,,,,,,,,,,,,,,,,,,,,,,,
1.78576,,,,,,,,,,,,,,,,,,,,,,,,
1.78773,,,,,,,,,,,,,,,,,,,,,,,,
1.78971,,,,,,,,,,,,,,,,,,,,,,,,
1.79169,,,,,,,,,,,,,,,,,,,,,,,,
1.79367,,,,,,,,,,,,,,,,,,,,,,,,
1.79564,,,,,,,,,,,,,,,,,,,,,,,,
1.79762,,,,,,,,,,,,,,,,,,,,,,,,
1.7996,,,,,,,,,,,,,,,,,,,,,,,,
1.80158,,,,,,,,,,,,,,,,,,,,,,,,
1.80355,,,,,,,,,,,,,,,,,,,,,,,,
1.80553,,,,,,,,,,,,,,,,,,,,,,,,
1.80751,,,,,,,,,,,,,,,,,,,,,,,,
1.80949,,,,,,,,,,,,,,,,,,,,,,,,
1.81146,,,,,,,,,,,,,,,,,,,,,,,,
1.81344,,,,,,,,,,,,,,,,,,,,,,,,
1.81542,,,,,,,,,,,,,,,,,,,,,,,,
1.8174,,,,,,,,,,,,,,,,,,,,,,,,
1.81937,,,,,,,,,,,,,,,,,,,,,,,,
1.82135,,,,,,,,,,,,,,,,,,,,,,,,
1.82333,,,,,,,,,,,,,,,,,,,,,,,,
1.82531,,,,,,,,,,,,,,,,,,,,,,,,
1.82728,,,,,,,,,,,,,,,,,,,,,,,,
1.82926,,,,,,,,,,,,,,,,,,,,,,,,
1.83124,,,,,,,,,,,,,,,,,,,,,,,,
1.83322,,,,,,,,,,,,,,,,,,,,,,,,
1.8352,,,,,,,,,,,,,,,,,,,,,,,,
1.83717,,,,,,,,,,,,,,,,,,,,,,,,
1.83915,,,,,,,,,,,,,,,,,,,,,,,,
1.84113,,,,,,,,,,,,,,,,,,,,,,,,
1.84311,,,,,,,,,,,,,,,,,,,,,,,,
1.84508,,,,,,,,,,,,,,,,,,,,,,,,
1.84706,,,,,,,,,,,,,,,,,,,,,,,,
1.84904,,,,,,,,,,,,,,,,,,,,,,,,
1.85102,,,,,,,,,,,,,,,,,,,,,,,,
1.85299,,,,,,,,,,,,,,,,,,,,,,,,
1.85497,,,,,,,,,,,,,,,,,,,,,,,,
1.85695,,,,,,,,,,,,,,,,,,,,,,,,
1.85893,,,,,,,,,,,,,,,,,,,,,,,,
1.8609,,,,,,,,,,,,,,,,,,,,,,,,
1.86288,,,,,,,,,,,,,,,,,,,,,,,,
1.86486,,,,,,,,,,,,,,,,,,,,,,,,
1.86684,,,,,,,,,,,,,,,,,,,,,,,,
1.86881,,,,,,,,,,,,,,,,,,,,,,,,
1.87079,,,,,,,,,,,,,,,,,,,,,,,,
1.87277,,,,,,,,,,,,,,,,,,,,,,,,
1.87475,,,,,,,,,,,,,,,,,,,,,,,,
1.87672,,,,,,,,,,,,,,,,,,,,,,,,
1.8787,,,,,,,,,,,,,,,,,,,,,,,,
1.88068,,,,,,,,,,,,,,,,,,,,,,,,
1.88266,,,,,,,,,,,,,,,,,,,,,,,,
1.88463,,,,,,,,,,,,,,,,,,,,,,,,
1.88661,,,,,,,,,,,,,,,,,,,,,,,,
1.88859,,,,,,,,,,,,,,,,,,,,,,,,
1.89057,,,,,,,,,,,,,,,,,,,,,,,,
1.89255,,,,,,,,,,,,,,,,,,,,,,,,
1.89452,,,,,,,,,,,,,,,,,,,,,,,,
1.8965,,,,,,,,,,,,,,,,,,,,,,,,
1.89848,,,,,,,,,,,,,,,,,,,,,,,,
1.90046,,,,,,,,,,,,,,,,,,,,,,,,
1.90243,,,,,,,,,,,,,,,,,,,,,,,,
1.90441,,,,,,,,,,,,,,,,,,,,,,,,
1.90639,,,,,,,,,,,,,,,,,,,,,,,,
1.90837,,,,,,,,,,,,,,,,,,,,,,,,
1.91034,,,,,,,,,,,,,,,,,,,,,,,,
1.91232,,,,,,,,,,,,,,,,,,,,,,,,
1.9143,,,,,,,,,,,,,,,,,,,,,,,,
1.91628,,,,,,,,,,,,,,,,,,,,,,,,
1.91825,,,,,,,,,,,,,,,,,,,,,,,,
1.92023,,,,,,,,,,,,,,,,,,,,,,,,
1.92221,,,,,,,,,,,,,,,,,,,,,,,,
1.92419,,,,,,,,,,,,,,,,,,,,,,,,
1.92616,,,,,,,,,,,,,,,,,,,,,,,,
1.92814,,,,,,,,,,,,,,,,,,,,,,,,
1.93012,,,,,,,,,,,,,,,,,,,,,,,,
1.9321,,,,,,,,,,,,,,,,,,,,,,,,
1.93407,,,,,,,,,,,,,,,,,,,,,,,,
1.93605,,,,,,,,,,,,,,,,,,,,,,,,
1.93803,,,,,,,,,,,,,,,,,,,,,,,,
1.94001,,,,,,,,,,,,,,,,,,,,,,,,
1.94198,,,,,,,,,,,,,,,,,,,,,,,,
1.94396,,,,,,,,,,,,,,,,,,,,,,,,
1.94594,,,,,,,,,,,,,,,,,,,,,,,,
1.94792,,,,,,,,,,,,,,,,,,,,,,,,
1.94989,,,,,,,,,,,,,,,,,,,,,,,,
1.95187,,,,,,,,,,,,,,,,,,,,,,,,
1.95385,,,,,,,,,,,,,,,,,,,,,,,,
1.95583,,,,,,,,,,,,,,,,,,,,,,,,
1.95781,,,,,,,,,,,,,,,,,,,,,,,,
1.95978,,,,,,,,,,,,,,,,,,,,,,,,
1.96176,,,,,,,,,,,,,,,,,,,,,,,,
1.96374,,,,,,,,,,,,,,,,,,,,,,,,
1.96572,,,,,,,,,,,,,,,,,,,,,,,,
1.96769,,,,,,,,,,,,,,,,,,,,,,,,
1.96967,,,,,,,,,,,,,,,,,,,,,,,,
1.97165,,,,,,,,,,,,,,,,,,,,,,,,
1.97363,,,,,,,,,,,,,,,,,,,,,,,,
1.9756,,,,,,,,,,,,,,,,,,,,,,,,
1.97758,,,,,,,,,,,,,,,,,,,,,,,,
1.97956,,,,,,,,,,,,,,,,,,,,,,,,
1.98154,,,,,,,,,,,,,,,,,,,,,,,,
1.98351,,,,,,,,,,,,,,,,,,,,,,,,
1.98549,,,,,,,,,,,,,,,,,,,,,,,,
1.98747,,,,,,,,,,,,,,,,,,,,,,,,
1.98945,,,,,,,,,,,,,,,,,,,,,,,,
1.99142,,,,,,,,,,,,,,,,,,,,,,,,
1.9934,,,,,,,,,,,,,,,,,,,,,,,,
1.99538,,,,,,,,,,,,,,,,,,,,,,,,
1.99736,,,,,,,,,,,,,,,,,,,,,,,,
1.99933,,,,,,,,,,,,,,,,,,,,,,,,
2.00131,,,,,,,,,,,,,,,,,,,,,,,,
2.00329,,,,,,,,,,,,,,,,,,,,,,,,
2.00527,,,,,,,,,,,,,,,,,,,,,,,,
2.00724,,,,,,,,,,,,,,,,,,,,,,,,
2.00922,,,,,,,,,,,,,,,,,,,,,,,,
2.0112,,,,,,,,,,,,,,,,,,,,,,,,
2.01318,,,,,,,,,,,,,,,,,,,,,,,,
2.01516,,,,,,,,,,,,,,,,,,,,,,,,
2.01713,,,,,,,,,,,,,,,,,,,,,,,,
2.01911,,,,,,,,,,,,,,,,,,,,,,,,
2.02109,,,,,,,,,,,,,,,,,,,,,,,,
2.02307,,,,,,,,,,,,,,,,,,,,,,,,
2.02504,,,,,,,,,,,,,,,,,,,,,,,,
2.02702,,,,,,,,,,,,,,,,,,,,,,,,
2.029,,,,,,,,,,,,,,,,,,,,,,,,
2.03098,,,,,,,,,,,,,,,,,,,,,,,,
2.03295,,,,,,,,,,,,,,,,,,,,,,,,
2.03493,,,,,,,,,,,,,,,,,,,,,,,,
2.03691,,,,,,,,,,,,,,,,,,,,,,,,
2.03889,,,,,,,,,,,,,,,,,,,,,,,,
2.04086,,,,,,,,,,,,,,,,,,,,,,,,
2.04284,,,,,,,,,,,,,,,,,,,,,,,,
2.04482,,,,,,,,,,,,,,,,,,,,,,,,
2.0468,,,,,,,,,,,,,,,,,,,,,,,,
2.04877,,,,,,,,,,,,,,,,,,,,,,,,
2.05075,,,,,,,,,,,,,,,,,,,,,,,,
2.05273,,,,,,,,,,,,,,,,,,,,,,,,
2.05471,,,,,,,,,,,,,,,,,,,,,,,,
2.05668,,,,,,,,,,,,,,,,,,,,,,,,
2.05866,,,,,,,,,,,,,,,,,,,,,,,,
2.06064,,,,,,,,,,,,,,,,,,,,,,,,
2.06262,,,,,,,,,,,,,,,,,,,,,,,,
2.06459,,,,,,,,,,,,,,,,,,,,,,,,
2.06657,,,,,,,,,,,,,,,,,,,,,,,,
2.06855,,,,,,,,,,,,,,,,,,,,,,,,
2.07053,,,,,,,,,,,,,,,,,,,,,,,,
2.07251,,,,,,,,,,,,,,,,,,,,,,,,
2.07448,,,,,,,,,,,,,,,,,,,,,,,,
2.07646,,,,,,,,,,,,,,,,,,,,,,,,
2.07844,,,,,,,,,,,,,,,,,,,,,,,,
2.08042,,,,,,,,,,,,,,,,,,,,,,,,
2.08239,,,,,,,,,,,,,,,,,,,,,,,,
2.08437,,,,,,,,,,,,,,,,,,,,,,,,
2.08635,,,,,,,,,,,,,,,,,,,,,,,,
2.08833,,,,,,,,,,,,,,,,,,,,,,,,
2.0903,,,,,,,,,,,,,,,,,,,,,,,,
2.09228,,,,,,,,,,,,,,,,,,,,,,,,
2.09426,,,,,,,,,,,,,,,,,,,,,,,,
2.09624,,,,,,,,,,,,,,,,,,,,,,,,
2.09821,,,,,,,,,,,,,,,,,,,,,,,,
2.10019,,,,,,,,,,,,,,,,,,,,,,,,
2.10217,,,,,,,,,,,,,,,,,,,,,,,,
2.10415,,,,,,,,,,,,,,,,,,,,,,,,
2.10612,,,,,,,,,,,,,,,,,,,,,,,,
2.1081,,,,,,,,,,,,,,,,,,,,,,,,
2.11008,,,,,,,,,,,,,,,,,,,,,,,,
2.11206,,,,,,,,,,,,,,,,,,,,,,,,
2.11403,,,,,,,,,,,,,,,,,,,,,,,,
2.11601,,,,,,,,,,,,,,,,,,,,,,,,
2.11799,,,,,,,,,,,,,,,,,,,,,,,,
2.11997,,,,,,,,,,,,,,,,,,,,,,,,
2.12194,,,,,,,,,,,,,,,,,,,,,,,,
2.12392,,,,,,,,,,,,,,,,,,,,,,,,
2.1259,,,,,,,,,,,,,,,,,,,,,,,,
2.12788,,,,,,,,,,,,,,,,,,,,,,,,
2.12985,,,,,,,,,,,,,,,,,,,,,,,,
2.13183,,,,,,,,,,,,,,,,,,,,,,,,
2.13381,,,,,,,,,,,,,,,,,,,,,,,,
2.13579,,,,,,,,,,,,,,,,,,,,,,,,
2.13777,,,,,,,,,,,,,,,,,,,,,,,,
2.13974,,,,,,,,,,,,,,,,,,,,,,,,
2.14172,,,,,,,,,,,,,,,,,,,,,,,,
2.1437,,,,,,,,,,,,,,,,,,,,,,,,
2.14568,,,,,,,,,,,,,,,,,,,,,,,,
2.14765,,,,,,,,,,,,,,,,,,,,,,,,
2.14963,,,,,,,,,,,,,,,,,,,,,,,,
2.15161,,,,,,,,,,,,,,,,,,,,,,,,
2.15359,,,,,,,,,,,,,,,,,,,,,,,,
2.15556,,,,,,,,,,,,,,,,,,,,,,,,
2.15754,,,,,,,,,,,,,,,,,,,,,,,,
2.15952,,,,,,,,,,,,,,,,,,,,,,,,
2.1615,,,,,,,,,,,,,,,,,,,,,,,,
2.16347,,,,,,,,,,,,,,,,,,,,,,,,
2.16545,,,,,,,,,,,,,,,,,,,,,,,,
2.16743,,,,,,,,,,,,,,,,,,,,,,,,
2.16941,,,,,,,,,,,,,,,,,,,,,,,,
2.17138,,,,,,,,,,,,,,,,,,,,,,,,
2.17336,,,,,,,,,,,,,,,,,,,,,,,,
2.17534,,,,,,,,,,,,,,,,,,,,,,,,
2.17732,,,,,,,,,,,,,,,,,,,,,,,,
2.17929,,,,,,,,,,,,,,,,,,,,,,,,
2.18127,,,,,,,,,,,,,,,,,,,,,,,,
2.18325,,,,,,,,,,,,,,,,,,,,,,,,
2.18523,,,,,,,,,,,,,,,,,,,,,,,,
2.1872,,,,,,,,,,,,,,,,,,,,,,,,
2.18918,,,,,,,,,,,,,,,,,,,,,,,,
2.19116,,,,,,,,,,,,,,,,,,,,,,,,
2.19314,,,,,,,,,,,,,,,,,,,,,,,,
2.19512,,,,,,,,,,,,,,,,,,,,,,,,
2.19709,,,,,,,,,,,,,,,,,,,,,,,,
2.19907,,,,,,,,,,,,,,,,,,,,,,,,
2.20105,,,,,,,,,,,,,,,,,,,,,,,,
2.20303,,,,,,,,,,,,,,,,,,,,,,,,
2.205,,,,,,,,,,,,,,,,,,,,,,,,
2.20698,,,,,,,,,,,,,,,,,,,,,,,,
2.20896,,,,,,,,,,,,,,,,,,,,,,,,
2.21094,,,,,,,,,,,,,,,,,,,,,,,,
2.21291,,,,,,,,,,,,,,,,,,,,,,,,
2.21489,,,,,,,,,,,,,,,,,,,,,,,,
2.21687,,,,,,,,,,,,,,,,,,,,,,,,
2.21885,,,,,,,,,,,,,,,,,,,,,,,,
2.22082,,,,,,,,,,,,,,,,,,,,,,,,
2.2228,,,,,,,,,,,,,,,,,,,,,,,,
2.22478,,,,,,,,,,,,,,,,,,,,,,,,
2.22676,,,,,,,,,,,,,,,,,,,,,,,,
2.22873,,,,,,,,,,,,,,,,,,,,,,,,
2.23071,,,,,,,,,,,,,,,,,,,,,,,,
2.23269,,,,,,,,,,,,,,,,,,,,,,,,
2.23467,,,,,,,,,,,,,,,,,,,,,,,,
2.23664,,,,,,,,,,,,,,,,,,,,,,,,
2.23862,,,,,,,,,,,,,,,,,,,,,,,,
2.2406,,,,,,,,,,,,,,,,,,,,,,,,
2.24258,,,,,,,,,,,,,,,,,,,,,,,,
2.24455,,,,,,,,,,,,,,,,,,,,,,,,
2.24653,,,,,,,,,,,,,,,,,,,,,,,,
2.24851,,,,,,,,,,,,,,,,,,,,,,,,
2.25049,,,,,,,,,,,,,,,,,,,,,,,,
2.25246,,,,,,,,,,,,,,,,,,,,,,,,
2.25444,,,,,,,,,,,,,,,,,,,,,,,,
2.25642,,,,,,,,,,,,,,,,,,,,,,,,
2.2584,,,,,,,,,,,,,,,,,,,,,,,,
2.26038,,,,,,,,,,,,,,,,,,,,,,,,
2.26235,,,,,,,,,,,,,,,,,,,,,,,,
2.26433,,,,,,,,,,,,,,,,,,,,,,,,
2.26631,,,,,,,,,,,,,,,,,,,,,,,,
2.26829,,,,,,,,,,,,,,,,,,,,,,,,
2.27026,,,,,,,,,,,,,,,,,,,,,,,,
2.27224,,,,,,,,,,,,,,,,,,,,,,,,
2.27422,,,,,,,,,,,,,,,,,,,,,,,,
2.2762,,,,,,,,,,,,,,,,,,,,,,,,
2.27817,,,,,,,,,,,,,,,,,,,,,,,,
2.28015,,,,,,,,,,,,,,,,,,,,,,,,
2.28213,,,,,,,,,,,,,,,,,,,,,,,,
2.28411,,,,,,,,,,,,,,,,,,,,,,,,
2.28608,,,,,,,,,,,,,,,,,,,,,,,,
2.28806,,,,,,,,,,,,,,,,,,,,,,,,
2.29004,,,,,,,,,,,,,,,,,,,,,,,,
2.29202,,,,,,,,,,,,,,,,,,,,,,,,
2.29399,,,,,,,,,,,,,,,,,,,,,,,,
2.29597,,,,,,,,,,,,,,,,,,,,,,,,
2.29795,,,,,,,,,,,,,,,,,,,,,,,,
2.29993,,,,,,,,,,,,,,,,,,,,,,,,
2.3019,,,,,,,,,,,,,,,,,,,,,,,,
2.30388,,,,,,,,,,,,,,,,,,,,,,,,
2.30586,,,,,,,,,,,,,,,,,,,,,,,,
2.30784,,,,,,,,,,,,,,,,,,,,,,,,
2.30981,,,,,,,,,,,,,,,,,,,,,,,,
2.31179,,,,,,,,,,,,,,,,,,,,,,,,
2.31377,,,,,,,,,,,,,,,,,,,,,,,,
2.31575,,,,,,,,,,,,,,,,,,,,,,,,
2.31773,,,,,,,,,,,,,,,,,,,,,,,,
2.3197,,,,,,,,,,,,,,,,,,,,,,,,
2.32168,,,,,,,,,,,,,,,,,,,,,,,,
2.32366,,,,,,,,,,,,,,,,,,,,,,,,
2.32564,,,,,,,,,,,,,,,,,,,,,,,,
2.32761,,,,,,,,,,,,,,,,,,,,,,,,
2.32959,,,,,,,,,,,,,,,,,,,,,,,,
2.33157,,,,,,,,,,,,,,,,,,,,,,,,
2.33355,,,,,,,,,,,,,,,,,,,,,,,,
2.33552,,,,,,,,,,,,,,,,,,,,,,,,
2.3375,,,,,,,,,,,,,,,,,,,,,,,,
2.33948,,,,,,,,,,,,,,,,,,,,,,,,
2.34146,,,,,,,,,,,,,,,,,,,,,,,,
2.34343,,,,,,,,,,,,,,,,,,,,,,,,
2.34541,,,,,,,,,,,,,,,,,,,,,,,,
2.34739,,,,,,,,,,,,,,,,,,,,,,,,
2.34937,,,,,,,,,,,,,,,,,,,,,,,,
2.35134,,,,,,,,,,,,,,,,,,,,,,,,
2.35332,,,,,,,,,,,,,,,,,,,,,,,,
2.3553,,,,,,,,,,,,,,,,,,,,,,,,
2.35728,,,,,,,,,,,,,,,,,,,,,,,,
2.35925,,,,,,,,,,,,,,,,,,,,,,,,
2.36123,,,,,,,,,,,,,,,,,,,,,,,,
2.36321,,,,,,,,,,,,,,,,,,,,,,,,
2.36519,,,,,,,,,,,,,,,,,,,,,,,,
2.36716,,,,,,,,,,,,,,,,,,,,,,,,
2.36914,,,,,,,,,,,,,,,,,,,,,,,,
2.37112,,,,,,,,,,,,,,,,,,,,,,,,
2.3731,,,,,,,,,,,,,,,,,,,,,,,,
2.37507,,,,,,,,,,,,,,,,,,,,,,,,
2.37705,,,,,,,,,,,,,,,,,,,,,,,,
2.37903,,,,,,,,,,,,,,,,,,,,,,,,
2.38101,,,,,,,,,,,,,,,,,,,,,,,,
2.38299,,,,,,,,,,,,,,,,,,,,,,,,
2.38496,,,,,,,,,,,,,,,,,,,,,,,,
2.38694,,,,,,,,,,,,,,,,,,,,,,,,
2.38892,,,,,,,,,,,,,,,,,,,,,,,,
2.3909,,,,,,,,,,,,,,,,,,,,,,,,
2.39287,,,,,,,,,,,,,,,,,,,,,,,,
2.39485,,,,,,,,,,,,,,,,,,,,,,,,
2.39683,,,,,,,,,,,,,,,,,,,,,,,,
2.39881,,,,,,,,,,,,,,,,,,,,,,,,
2.40078,,,,,,,,,,,,,,,,,,,,,,,,
2.40276,,,,,,,,,,,,,,,,,,,,,,,,
2.40474,,,,,,,,,,,,,,,,,,,,,,,,
2.40672,,,,,,,,,,,,,,,,,,,,,,,,
2.40869,,,,,,,,,,,,,,,,,,,,,,,,
2.41067,,,,,,,,,,,,,,,,,,,,,,,,
2.41265,,,,,,,,,,,,,,,,,,,,,,,,
2.41463,,,,,,,,,,,,,,,,,,,,,,,,
2.4166,,,,,,,,,,,,,,,,,,,,,,,,
2.41858,,,,,,,,,,,,,,,,,,,,,,,,
2.42056,,,,,,,,,,,,,,,,,,,,,,,,
2.42254,,,,,,,,,,,,,,,,,,,,,,,,
2.42451,,,,,,,,,,,,,,,,,,,,,,,,
2.42649,,,,,,,,,,,,,,,,,,,,,,,,
2.42847,,,,,,,,,,,,,,,,,,,,,,,,
2.43045,,,,,,,,,,,,,,,,,,,,,,,,
2.43242,,,,,,,,,,,,,,,,,,,,,,,,
2.4344,,,,,,,,,,,,,,,,,,,,,,,,
2.43638,,,,,,,,,,,,,,,,,,,,,,,,
2.43836,,,,,,,,,,,,,,,,,,,,,,,,
2.44034,,,,,,,,,,,,,,,,,,,,,,,,
2.44231,,,,,,,,,,,,,,,,,,,,,,,,
2.44429,,,,,,,,,,,,,,,,,,,,,,,,
2.44627,,,,,,,,,,,,,,,,,,,,,,,,
2.44825,,,,,,,,,,,,,,,,,,,,,,,,
2.45022,,,,,,,,,,,,,,,,,,,,,,,,
2.4522,,,,,,,,,,,,,,,,,,,,,,,,
2.45418,,,,,,,,,,,,,,,,,,,,,,,,
2.45616,,,,,,,,,,,,,,,,,,,,,,,,
2.45813,,,,,,,,,,,,,,,,,,,,,,,,
2.46011,,,,,,,,,,,,,,,,,,,,,,,,
2.46209,,,,,,,,,,,,,,,,,,,,,,,,
2.46407,,,,,,,,,,,,,,,,,,,,,,,,
2.46604,,,,,,,,,,,,,,,,,,,,,,,,
2.46802,,,,,,,,,,,,,,,,,,,,,,,,
2.47,,,,,,,,,,,,,,,,,,,,,,,,
2.47198,,,,,,,,,,,,,,,,,,,,,,,,
2.47395,,,,,,,,,,,,,,,,,,,,,,,,
2.47593,,,,,,,,,,,,,,,,,,,,,,,,
2.47791,,,,,,,,,,,,,,,,,,,,,,,,
2.47989,,,,,,,,,,,,,,,,,,,,,,,,
2.48186,,,,,,,,,,,,,,,,,,,,,,,,
2.48384,,,,,,,,,,,,,,,,,,,,,,,,
2.48582,,,,,,,,,,,,,,,,,,,,,,,,
2.4878,,,,,,,,,,,,,,,,,,,,,,,,
2.48977,,,,,,,,,,,,,,,,,,,,,,,,
2.49175,,,,,,,,,,,,,,,,,,,,,,,,
2.49373,,,,,,,,,,,,,,,,,,,,,,,,
2.49571,,,,,,,,,,,,,,,,,,,,,,,,
2.49768,,,,,,,,,,,,,,,,,,,,,,,,
2.49966,,,,,,,,,,,,,,,,,,,,,,,,
2.50164,,,,,,,,,,,,,,,,,,,,,,,,
2.50362,,,,,,,,,,,,,,,,,,,,,,,,
2.5056,,,,,,,,,,,,,,,,,,,,,,,,
2.50757,,,,,,,,,,,,,,,,,,,,,,,,
2.50955,,,,,,,,,,,,,,,,,,,,,,,,
2.51153,,,,,,,,,,,,,,,,,,,,,,,,
2.51351,,,,,,,,,,,,,,,,,,,,,,,,
2.51548,,,,,,,,,,,,,,,,,,,,,,,,
2.51746,,,,,,,,,,,,,,,,,,,,,,,,
2.51944,,,,,,,,,,,,,,,,,,,,,,,,
2.52142,,,,,,,,,,,,,,,,,,,,,,,,
2.52339,,,,,,,,,,,,,,,,,,,,,,,,
2.52537,,,,,,,,,,,,,,,,,,,,,,,,
2.52735,,,,,,,,,,,,,,,,,,,,,,,,
2.52933,,,,,,,,,,,,,,,,,,,,,,,,
2.5313,,,,,,,,,,,,,,,,,,,,,,,,
2.53328,,,,,,,,,,,,,,,,,,,,,,,,
2.53526,,,,,,,,,,,,,,,,,,,,,,,,
2.53724,,,,,,,,,,,,,,,,,,,,,,,,
2.53921,,,,,,,,,,,,,,,,,,,,,,,,
2.54119,,,,,,,,,,,,,,,,,,,,,,,,
2.54317,,,,,,,,,,,,,,,,,,,,,,,,
2.54515,,,,,,,,,,,,,,,,,,,,,,,,
2.54712,,,,,,,,,,,,,,,,,,,,,,,,
2.5491,,,,,,,,,,,,,,,,,,,,,,,,
2.55108,,,,,,,,,,,,,,,,,,,,,,,,
2.55306,,,,,,,,,,,,,,,,,,,,,,,,
2.55503,,,,,,,,,,,,,,,,,,,,,,,,
2.55701,,,,,,,,,,,,,,,,,,,,,,,,
2.55899,,,,,,,,,,,,,,,,,,,,,,,,
2.56097,,,,,,,,,,,,,,,,,,,,,,,,
2.56295,,,,,,,,,,,,,,,,,,,,,,,,
2.56492,,,,,,,,,,,,,,,,,,,,,,,,
2.5669,,,,,,,,,,,,,,,,,,,,,,,,
2.56888,,,,,,,,,,,,,,,,,,,,,,,,
2.57086,,,,,,,,,,,,,,,,,,,,,,,,
2.57283,,,,,,,,,,,,,,,,,,,,,,,,
2.57481,,,,,,,,,,,,,,,,,,,,,,,,
2.57679,,,,,,,,,,,,,,,,,,,,,,,,
2.57877,,,,,,,,,,,,,,,,,,,,,,,,
2.58074,,,,,,,,,,,,,,,,,,,,,,,,
2.58272,,,,,,,,,,,,,,,,,,,,,,,,
2.5847,,,,,,,,,,,,,,,,,,,,,,,,
2.58668,,,,,,,,,,,,,,,,,,,,,,,,
2.58865,,,,,,,,,,,,,,,,,,,,,,,,
2.59063,,,,,,,,,,,,,,,,,,,,,,,,
2.59261,,,,,,,,,,,,,,,,,,,,,,,,
2.59459,,,,,,,,,,,,,,,,,,,,,,,,
2.59656,,,,,,,,,,,,,,,,,,,,,,,,
2.59854,,,,,,,,,,,,,,,,,,,,,,,,
2.60052,,,,,,,,,,,,,,,,,,,,,,,,
2.6025,,,,,,,,,,,,,,,,,,,,,,,,
2.60447,,,,,,,,,,,,,,,,,,,,,,,,
2.60645,,,,,,,,,,,,,,,,,,,,,,,,
2.60843,,,,,,,,,,,,,,,,,,,,,,,,
2.61041,,,,,,,,,,,,,,,,,,,,,,,,
2.61238,,,,,,,,,,,,,,,,,,,,,,,,
2.61436,,,,,,,,,,,,,,,,,,,,,,,,
2.61634,,,,,,,,,,,,,,,,,,,,,,,,
2.61832,,,,,,,,,,,,,,,,,,,,,,,,
2.62029,,,,,,,,,,,,,,,,,,,,,,,,
2.62227,,,,,,,,,,,,,,,,,,,,,,,,
2.62425,,,,,,,,,,,,,,,,,,,,,,,,
2.62623,,,,,,,,,,,,,,,,,,,,,,,,
2.62821,,,,,,,,,,,,,,,,,,,,,,,,
2.63018,,,,,,,,,,,,,,,,,,,,,,,,
2.63216,,,,,,,,,,,,,,,,,,,,,,,,
2.63414,,,,,,,,,,,,,,,,,,,,,,,,
2.63612,,,,,,,,,,,,,,,,,,,,,,,,
2.63809,,,,,,,,,,,,,,,,,,,,,,,,
2.64007,,,,,,,,,,,,,,,,,,,,,,,,
2.64205,,,,,,,,,,,,,,,,,,,,,,,,
2.64403,,,,,,,,,,,,,,,,,,,,,,,,
2.646,,,,,,,,,,,,,,,,,,,,,,,,
2.64798,,,,,,,,,,,,,,,,,,,,,,,,
2.64996,,,,,,,,,,,,,,,,,,,,,,,,
2.65194,,,,,,,,,,,,,,,,,,,,,,,,
2.65391,,,,,,,,,,,,,,,,,,,,,,,,
2.65589,,,,,,,,,,,,,,,,,,,,,,,,
2.65787,,,,,,,,,,,,,,,,,,,,,,,,
2.65985,,,,,,,,,,,,,,,,,,,,,,,,
2.66182,,,,,,,,,,,,,,,,,,,,,,,,
2.6638,,,,,,,,,,,,,,,,,,,,,,,,
2.66578,,,,,,,,,,,,,,,,,,,,,,,,
2.66776,,,,,,,,,,,,,,,,,,,,,,,,
2.66973,,,,,,,,,,,,,,,,,,,,,,,,
2.67171,,,,,,,,,,,,,,,,,,,,,,,,
2.67369,,,,,,,,,,,,,,,,,,,,,,,,
2.67567,,,,,,,,,,,,,,,,,,,,,,,,
2.67764,,,,,,,,,,,,,,,,,,,,,,,,
2.67962,,,,,,,,,,,,,,,,,,,,,,,,
2.6816,,,,,,,,,,,,,,,,,,,,,,,,
2.68358,,,,,,,,,,,,,,,,,,,,,,,,
2.68556,,,,,,,,,,,,,,,,,,,,,,,,
2.68753,,,,,,,,,,,,,,,,,,,,,,,,
2.68951,,,,,,,,,,,,,,,,,,,,,,,,
2.69149,,,,,,,,,,,,,,,,,,,,,,,,
2.69347,,,,,,,,,,,,,,,,,,,,,,,,
2.69544,,,,,,,,,,,,,,,,,,,,,,,,
2.69742,,,,,,,,,,,,,,,,,,,,,,,,
2.6994,,,,,,,,,,,,,,,,,,,,,,,,
2.70138,,,,,,,,,,,,,,,,,,,,,,,,
2.70335,,,,,,,,,,,,,,,,,,,,,,,,
2.70533,,,,,,,,,,,,,,,,,,,,,,,,
2.70731,,,,,,,,,,,,,,,,,,,,,,,,
2.70929,,,,,,,,,,,,,,,,,,,,,,,,
2.71126,,,,,,,,,,,,,,,,,,,,,,,,
2.71324,,,,,,,,,,,,,,,,,,,,,,,,
2.71522,,,,,,,,,,,,,,,,,,,,,,,,
2.7172,,,,,,,,,,,,,,,,,,,,,,,,
2.71917,,,,,,,,,,,,,,,,,,,,,,,,
2.72115,,,,,,,,,,,,,,,,,,,,,,,,
2.72313,,,,,,,,,,,,,,,,,,,,,,,,
2.72511,,,,,,,,,,,,,,,,,,,,,,,,
2.72708,,,,,,,,,,,,,,,,,,,,,,,,
2.72906,,,,,,,,,,,,,,,,,,,,,,,,
2.73104,,,,,,,,,,,,,,,,,,,,,,,,
2.73302,,,,,,,,,,,,,,,,,,,,,,,,
2.73499,,,,,,,,,,,,,,,,,,,,,,,,
2.73697,,,,,,,,,,,,,,,,,,,,,,,,
2.73895,,,,,,,,,,,,,,,,,,,,,,,,
2.74093,,,,,,,,,,,,,,,,,,,,,,,,
2.74291,,,,,,,,,,,,,,,,,,,,,,,,
2.74488,,,,,,,,,,,,,,,,,,,,,,,,
2.74686,,,,,,,,,,,,,,,,,,,,,,,,
2.74884,,,,,,,,,,,,,,,,,,,,,,,,
2.75082,,,,,,,,,,,,,,,,,,,,,,,,
2.75279,,,,,,,,,,,,,,,,,,,,,,,,
2.75477,,,,,,,,,,,,,,,,,,,,,,,,
2.75675,,,,,,,,,,,,,,,,,,,,,,,,
2.75873,,,,,,,,,,,,,,,,,,,,,,,,
2.7607,,,,,,,,,,,,,,,,,,,,,,,,
2.76268,,,,,,,,,,,,,,,,,,,,,,,,
2.76466,,,,,,,,,,,,,,,,,,,,,,,,
2.76664,,,,,,,,,,,,,,,,,,,,,,,,
2.76861,,,,,,,,,,,,,,,,,,,,,,,,
2.77059,,,,,,,,,,,,,,,,,,,,,,,,
2.77257,,,,,,,,,,,,,,,,,,,,,,,,
2.77455,,,,,,,,,,,,,,,,,,,,,,,,
2.77652,,,,,,,,,,,,,,,,,,,,,,,,
2.7785,,,,,,,,,,,,,,,,,,,,,,,,
2.78048,,,,,,,,,,,,,,,,,,,,,,,,
2.78246,,,,,,,,,,,,,,,,,,,,,,,,
2.78443,,,,,,,,,,,,,,,,,,,,,,,,
2.78641,,,,,,,,,,,,,,,,,,,,,,,,
2.78839,,,,,,,,,,,,,,,,,,,,,,,,
2.79037,,,,,,,,,,,,,,,,,,,,,,,,
2.79234,,,,,,,,,,,,,,,,,,,,,,,,
2.79432,,,,,,,,,,,,,,,,,,,,,,,,
2.7963,,,,,,,,,,,,,,,,,,,,,,,,
2.79828,,,,,,,,,,,,,,,,,,,,,,,,
2.80025,,,,,,,,,,,,,,,,,,,,,,,,
2.80223,,,,,,,,,,,,,,,,,,,,,,,,
2.80421,,,,,,,,,,,,,,,,,,,,,,,,
2.80619,,,,,,,,,,,,,,,,,,,,,,,,
2.80817,,,,,,,,,,,,,,,,,,,,,,,,
2.81014,,,,,,,,,,,,,,,,,,,,,,,,
2.81212,,,,,,,,,,,,,,,,,,,,,,,,
2.8141,,,,,,,,,,,,,,,,,,,,,,,,
2.81608,,,,,,,,,,,,,,,,,,,,,,,,
2.81805,,,,,,,,,,,,,,,,,,,,,,,,
2.82003,,,,,,,,,,,,,,,,,,,,,,,,
2.82201,,,,,,,,,,,,,,,,,,,,,,,,
2.82399,,,,,,,,,,,,,,,,,,,,,,,,
2.82596,,,,,,,,,,,,,,,,,,,,,,,,
2.82794,,,,,,,,,,,,,,,,,,,,,,,,
2.82992,,,,,,,,,,,,,,,,,,,,,,,,
2.8319,,,,,,,,,,,,,,,,,,,,,,,,
2.83387,,,,,,,,,,,,,,,,,,,,,,,,
2.83585,,,,,,,,,,,,,,,,,,,,,,,,
2.83783,,,,,,,,,,,,,,,,,,,,,,,,
2.83981,,,,,,,,,,,,,,,,,,,,,,,,
2.84178,,,,,,,,,,,,,,,,,,,,,,,,
2.84376,,,,,,,,,,,,,,,,,,,,,,,,
2.84574,,,,,,,,,,,,,,,,,,,,,,,,
2.84772,,,,,,,,,,,,,,,,,,,,,,,,
2.84969,,,,,,,,,,,,,,,,,,,,,,,,
2.85167,,,,,,,,,,,,,,,,,,,,,,,,
2.85365,,,,,,,,,,,,,,,,,,,,,,,,
2.85563,,,,,,,,,,,,,,,,,,,,,,,,
2.8576,,,,,,,,,,,,,,,,,,,,,,,,
2.85958,,,,,,,,,,,,,,,,,,,,,,,,
2.86156,,,,,,,,,,,,,,,,,,,,,,,,
2.86354,,,,,,,,,,,,,,,,,,,,,,,,
2.86552,,,,,,,,,,,,,,,,,,,,,,,,
2.86749,,,,,,,,,,,,,,,,,,,,,,,,
2.86947,,,,,,,,,,,,,,,,,,,,,,,,
2.87145,,,,,,,,,,,,,,,,,,,,,,,,
2.87343,,,,,,,,,,,,,,,,,,,,,,,,
2.8754,,,,,,,,,,,,,,,,,,,,,,,,
2.87738,,,,,,,,,,,,,,,,,,,,,,,,
2.87936,,,,,,,,,,,,,,,,,,,,,,,,
2.88134,,,,,,,,,,,,,,,,,,,,,,,,
2.88331,,,,,,,,,,,,,,,,,,,,,,,,
2.88529,,,,,,,,,,,,,,,,,,,,,,,,
2.88727,,,,,,,,,,,,,,,,,,,,,,,,
2.88925,,,,,,,,,,,,,,,,,,,,,,,,
2.89122,,,,,,,,,,,,,,,,,,,,,,,,
2.8932,,,,,,,,,,,,,,,,,,,,,,,,
2.89518,,,,,,,,,,,,,,,,,,,,,,,,
2.89716,,,,,,,,,,,,,,,,,,,,,,,,
2.89913,,,,,,,,,,,,,,,,,,,,,,,,
2.90111,,,,,,,,,,,,,,,,,,,,,,,,
2.90309,,,,,,,,,,,,,,,,,,,,,,,,
2.90507,,,,,,,,,,,,,,,,,,,,,,,,
2.90704,,,,,,,,,,,,,,,,,,,,,,,,
2.90902,,,,,,,,,,,,,,,,,,,,,,,,
2.911,,,,,,,,,,,,,,,,,,,,,,,,
2.91298,,,,,,,,,,,,,,,,,,,,,,,,
2.91495,,,,,,,,,,,,,,,,,,,,,,,,
2.91693,,,,,,,,,,,,,,,,,,,,,,,,
2.91891,,,,,,,,,,,,,,,,,,,,,,,,
2.92089,,,,,,,,,,,,,,,,,,,,,,,,
2.92286,,,,,,,,,,,,,,,,,,,,,,,,
2.92484,,,,,,,,,,,,,,,,,,,,,,,,
2.92682,,,,,,,,,,,,,,,,,,,,,,,,
2.9288,,,,,,,,,,,,,,,,,,,,,,,,
2.93078,,,,,,,,,,,,,,,,,,,,,,,,
2.93275,,,,,,,,,,,,,,,,,,,,,,,,
2.93473,,,,,,,,,,,,,,,,,,,,,,,,
2.93671,,,,,,,,,,,,,,,,,,,,,,,,
2.93869,,,,,,,,,,,,,,,,,,,,,,,,
2.94066,,,,,,,,,,,,,,,,,,,,,,,,
2.94264,,,,,,,,,,,,,,,,,,,,,,,,
2.94462,,,,,,,,,,,,,,,,,,,,,,,,
2.9466,,,,,,,,,,,,,,,,,,,,,,,,
2.94857,,,,,,,,,,,,,,,,,,,,,,,,
2.95055,,,,,,,,,,,,,,,,,,,,,,,,
2.95253,,,,,,,,,,,,,,,,,,,,,,,,
2.95451,,,,,,,,,,,,,,,,,,,,,,,,
2.95648,,,,,,,,,,,,,,,,,,,,,,,,
2.95846,,,,,,,,,,,,,,,,,,,,,,,,
2.96044,,,,,,,,,,,,,,,,,,,,,,,,
2.96242,,,,,,,,,,,,,,,,,,,,,,,,
2.96439,,,,,,,,,,,,,,,,,,,,,,,,
2.96637,,,,,,,,,,,,,,,,,,,,,,,,
2.96835,,,,,,,,,,,,,,,,,,,,,,,,
2.97033,,,,,,,,,,,,,,,,,,,,,,,,
2.9723,,,,,,,,,,,,,,,,,,,,,,,,
2.97428,,,,,,,,,,,,,,,,,,,,,,,,
2.97626,,,,,,,,,,,,,,,,,,,,,,,,
2.97824,,,,,,,,,,,,,,,,,,,,,,,,
2.98021,,,,,,,,,,,,,,,,,,,,,,,,
2.98219,,,,,,,,,,,,,,,,,,,,,,,,
2.98417,,,,,,,,,,,,,,,,,,,,,,,,
2.98615,,,,,,,,,,,,,,,,,,,,,,,,
2.98813,,,,,,,,,,,,,,,,,,,,,,,,
2.9901,,,,,,,,,,,,,,,,,,,,,,,,
2.99208,,,,,,,,,,,,,,,,,,,,,,,,
2.99406,,,,,,,,,,,,,,,,,,,,,,,,
2.99604,,,,,,,,,,,,,,,,,,,,,,,,
2.99801,,,,,,,,,,,,,,,,,,,,,,,,
2.99999,,,,,,,,,,,,,,,,,,,,,,,,
3.00197,,,,,,,,,,,,,,,,,,,,,,,,
3.00395,,,,,,,,,,,,,,,,,,,,,,,,
3.00592,,,,,,,,,,,,,,,,,,,,,,,,
3.0079,,,,,,,,,,,,,,,,,,,,,,,,
3.00988,,,,,,,,,,,,,,,,,,,,,,,,
3.01186,,,,,,,,,,,,,,,,,,,,,,,,
3.01383,,,,,,,,,,,,,,,,,,,,,,,,
3.01581,,,,,,,,,,,,,,,,,,,,,,,,
3.01779,,,,,,,,,,,,,,,,,,,,,,,,
3.01977,,,,,,,,,,,,,,,,,,,,,,,,
3.02174,,,,,,,,,,,,,,,,,,,,,,,,
3.02372,,,,,,,,,,,,,,,,,,,,,,,,
3.0257,,,,,,,,,,,,,,,,,,,,,,,,
3.02768,,,,,,,,,,,,,,,,,,,,,,,,
3.02965,,,,,,,,,,,,,,,,,,,,,,,,
3.03163,,,,,,,,,,,,,,,,,,,,,,,,
3.03361,,,,,,,,,,,,,,,,,,,,,,,,
3.03559,,,,,,,,,,,,,,,,,,,,,,,,
3.03756,,,,,,,,,,,,,,,,,,,,,,,,
3.03954,,,,,,,,,,,,,,,,,,,,,,,,
3.04152,,,,,,,,,,,,,,,,,,,,,,,,
3.0435,,,,,,,,,,,,,,,,,,,,,,,,
3.04547,,,,,,,,,,,,,,,,,,,,,,,,
3.04745,,,,,,,,,,,,,,,,,,,,,,,,
3.04943,,,,,,,,,,,,,,,,,,,,,,,,
3.05141,,,,,,,,,,,,,,,,,,,,,,,,
3.05339,,,,,,,,,,,,,,,,,,,,,,,,
3.05536,,,,,,,,,,,,,,,,,,,,,,,,
3.05734,,,,,,,,,,,,,,,,,,,,,,,,
3.05932,,,,,,,,,,,,,,,,,,,,,,,,
3.0613,,,,,,,,,,,,,,,,,,,,,,,,
3.06327,,,,,,,,,,,,,,,,,,,,,,,,
3.06525,,,,,,,,,,,,,,,,,,,,,,,,
3.06723,,,,,,,,,,,,,,,,,,,,,,,,
3.06921,,,,,,,,,,,,,,,,,,,,,,,,
3.07118,,,,,,,,,,,,,,,,,,,,,,,,
3.07316,,,,,,,,,,,,,,,,,,,,,,,,
3.07514,,,,,,,,,,,,,,,,,,,,,,,,
3.07712,,,,,,,,,,,,,,,,,,,,,,,,
3.07909,,,,,,,,,,,,,,,,,,,,,,,,
3.08107,,,,,,,,,,,,,,,,,,,,,,,,
3.08305,,,,,,,,,,,,,,,,,,,,,,,,
3.08503,,,,,,,,,,,,,,,,,,,,,,,,
3.087,,,,,,,,,,,,,,,,,,,,,,,,
3.08898,,,,,,,,,,,,,,,,,,,,,,,,
3.09096,,,,,,,,,,,,,,,,,,,,,,,,
3.09294,,,,,,,,,,,,,,,,,,,,,,,,
3.09491,,,,,,,,,,,,,,,,,,,,,,,,
3.09689,,,,,,,,,,,,,,,,,,,,,,,,
3.09887,,,,,,,,,,,,,,,,,,,,,,,,
3.10085,,,,,,,,,,,,,,,,,,,,,,,,
3.10282,,,,,,,,,,,,,,,,,,,,,,,,
3.1048,,,,,,,,,,,,,,,,,,,,,,,,
3.10678,,,,,,,,,,,,,,,,,,,,,,,,
3.10876,,,,,,,,,,,,,,,,,,,,,,,,
3.11074,,,,,,,,,,,,,,,,,,,,,,,,
3.11271,,,,,,,,,,,,,,,,,,,,,,,,
3.11469,,,,,,,,,,,,,,,,,,,,,,,,
3.11667,,,,,,,,,,,,,,,,,,,,,,,,
3.11865,,,,,,,,,,,,,,,,,,,,,,,,
3.12062,,,,,,,,,,,,,,,,,,,,,,,,
3.1226,,,,,,,,,,,,,,,,,,,,,,,,
3.12458,,,,,,,,,,,,,,,,,,,,,,,,
3.12656,,,,,,,,,,,,,,,,,,,,,,,,
3.12853,,,,,,,,,,,,,,,,,,,,,,,,
3.13051,,,,,,,,,,,,,,,,,,,,,,,,
3.13249,,,,,,,,,,,,,,,,,,,,,,,,
3.13447,,,,,,,,,,,,,,,,,,,,,,,,
3.13644,,,,,,,,,,,,,,,,,,,,,,,,
3.13842,,,,,,,,,,,,,,,,,,,,,,,,
3.1404,,,,,,,,,,,,,,,,,,,,,,,,
3.14238,,,,,,,,,,,,,,,,,,,,,,,,
3.14435,,,,,,,,,,,,,,,,,,,,,,,,
3.14633,,,,,,,,,,,,,,,,,,,,,,,,
3.14831,,,,,,,,,,,,,,,,,,,,,,,,
3.15029,,,,,,,,,,,,,,,,,,,,,,,,
3.15226,,,,,,,,,,,,,,,,,,,,,,,,
3.15424,,,,,,,,,,,,,,,,,,,,,,,,
3.15622,,,,,,,,,,,,,,,,,,,,,,,,
3.1582,,,,,,,,,,,,,,,,,,,,,,,,
3.16017,,,,,,,,,,,,,,,,,,,,,,,,
3.16215,,,,,,,,,,,,,,,,,,,,,,,,
3.16413,,,,,,,,,,,,,,,,,,,,,,,,
3.16611,,,,,,,,,,,,,,,,,,,,,,,,
3.16808,,,,,,,,,,,,,,,,,,,,,,,,
3.17006,,,,,,,,,,,,,,,,,,,,,,,,
3.17204,,,,,,,,,,,,,,,,,,,,,,,,
3.17402,,,,,,,,,,,,,,,,,,,,,,,,
3.176,,,,,,,,,,,,,,,,,,,,,,,,
3.17797,,,,,,,,,,,,,,,,,,,,,,,,
3.17995,,,,,,,,,,,,,,,,,,,,,,,,
3.18193,,,,,,,,,,,,,,,,,,,,,,,,
3.18391,,,,,,,,,,,,,,,,,,,,,,,,
3.18588,,,,,,,,,,,,,,,,,,,,,,,,
3.18786,,,,,,,,,,,,,,,,,,,,,,,,
3.18984,,,,,,,,,,,,,,,,,,,,,,,,
3.19182,,,,,,,,,,,,,,,,,,,,,,,,
3.19379,,,,,,,,,,,,,,,,,,,,,,,,
3.19577,,,,,,,,,,,,,,,,,,,,,,,,
3.19775,,,,,,,,,,,,,,,,,,,,,,,,
3.19973,,,,,,,,,,,,,,,,,,,,,,,,
3.2017,,,,,,,,,,,,,,,,,,,,,,,,
3.20368,,,,,,,,,,,,,,,,,,,,,,,,
3.20566,,,,,,,,,,,,,,,,,,,,,,,,
3.20764,,,,,,,,,,,,,,,,,,,,,,,,
3.20961,,,,,,,,,,,,,,,,,,,,,,,,
3.21159,,,,,,,,,,,,,,,,,,,,,,,,
3.21357,,,,,,,,,,,,,,,,,,,,,,,,
3.21555,,,,,,,,,,,,,,,,,,,,,,,,
3.21752,,,,,,,,,,,,,,,,,,,,,,,,
3.2195,,,,,,,,,,,,,,,,,,,,,,,,
3.22148,,,,,,,,,,,,,,,,,,,,,,,,
3.22346,,,,,,,,,,,,,,,,,,,,,,,,
3.22543,,,,,,,,,,,,,,,,,,,,,,,,
3.22741,,,,,,,,,,,,,,,,,,,,,,,,
3.22939,,,,,,,,,,,,,,,,,,,,,,,,
3.23137,,,,,,,,,,,,,,,,,,,,,,,,
3.23335,,,,,,,,,,,,,,,,,,,,,,,,
3.23532,,,,,,,,,,,,,,,,,,,,,,,,
3.2373,,,,,,,,,,,,,,,,,,,,,,,,
3.23928,,,,,,,,,,,,,,,,,,,,,,,,
3.24126,,,,,,,,,,,,,,,,,,,,,,,,
3.24323,,,,,,,,,,,,,,,,,,,,,,,,
3.24521,,,,,,,,,,,,,,,,,,,,,,,,
3.24719,,,,,,,,,,,,,,,,,,,,,,,,
3.24917,,,,,,,,,,,,,,,,,,,,,,,,
3.25114,,,,,,,,,,,,,,,,,,,,,,,,
3.25312,,,,,,,,,,,,,,,,,,,,,,,,
3.2551,,,,,,,,,,,,,,,,,,,,,,,,
3.25708,,,,,,,,,,,,,,,,,,,,,,,,
3.25905,,,,,,,,,,,,,,,,,,,,,,,,
3.26103,,,,,,,,,,,,,,,,,,,,,,,,
3.26301,,,,,,,,,,,,,,,,,,,,,,,,
3.26499,,,,,,,,,,,,,,,,,,,,,,,,
3.26696,,,,,,,,,,,,,,,,,,,,,,,,
3.26894,,,,,,,,,,,,,,,,,,,,,,,,
3.27092,,,,,,,,,,,,,,,,,,,,,,,,
3.2729,,,,,,,,,,,,,,,,,,,,,,,,
3.27487,,,,,,,,,,,,,,,,,,,,,,,,
3.27685,,,,,,,,,,,,,,,,,,,,,,,,
3.27883,,,,,,,,,,,,,,,,,,,,,,,,
3.28081,,,,,,,,,,,,,,,,,,,,,,,,
3.28278,,,,,,,,,,,,,,,,,,,,,,,,
3.28476,,,,,,,,,,,,,,,,,,,,,,,,
3.28674,,,,,,,,,,,,,,,,,,,,,,,,
3.28872,,,,,,,,,,,,,,,,,,,,,,,,
3.29069,,,,,,,,,,,,,,,,,,,,,,,,
3.29267,,,,,,,,,,,,,,,,,,,,,,,,
3.29465,,,,,,,,,,,,,,,,,,,,,,,,
3.29663,,,,,,,,,,,,,,,,,,,,,,,,
3.29861,,,,,,,,,,,,,,,,,,,,,,,,
3.30058,,,,,,,,,,,,,,,,,,,,,,,,
3.30256,,,,,,,,,,,,,,,,,,,,,,,,
3.30454,,,,,,,,,,,,,,,,,,,,,,,,
3.30652,,,,,,,,,,,,,,,,,,,,,,,,
3.30849,,,,,,,,,,,,,,,,,,,,,,,,
3.31047,,,,,,,,,,,,,,,,,,,,,,,,
3.31245,,,,,,,,,,,,,,,,,,,,,,,,
3.31443,,,,,,,,,,,,,,,,,,,,,,,,
3.3164,,,,,,,,,,,,,,,,,,,,,,,,
3.31838,,,,,,,,,,,,,,,,,,,,,,,,
3.32036,,,,,,,,,,,,,,,,,,,,,,,,
3.32234,,,,,,,,,,,,,,,,,,,,,,,,
3.32431,,,,,,,,,,,,,,,,,,,,,,,,
3.32629,,,,,,,,,,,,,,,,,,,,,,,,
3.32827,,,,,,,,,,,,,,,,,,,,,,,,
3.33025,,,,,,,,,,,,,,,,,,,,,,,,
3.33222,,,,,,,,,,,,,,,,,,,,,,,,
3.3342,,,,,,,,,,,,,,,,,,,,,,,,
3.33618,,,,,,,,,,,,,,,,,,,,,,,,
3.33816,,,,,,,,,,,,,,,,,,,,,,,,
3.34013,,,,,,,,,,,,,,,,,,,,,,,,
3.34211,,,,,,,,,,,,,,,,,,,,,,,,
3.34409,,,,,,,,,,,,,,,,,,,,,,,,
3.34607,,,,,,,,,,,,,,,,,,,,,,,,
3.34804,,,,,,,,,,,,,,,,,,,,,,,,
3.35002,,,,,,,,,,,,,,,,,,,,,,,,
3.352,,,,,,,,,,,,,,,,,,,,,,,,